,model,network_idx,size_of_network,num_link,C0,C1,C2,C3,robustness_pa,robustness_ip,empty_io_ratio,deterministic_io_ratio,redundancy,num_input,num_output,num_wccs,norm_num_wccs,len_largest_wcc,norm_len_largest_wcc,type,avg_len_wcc,reversibility
2,bortezomib,60,67,128,55,9,0,3,0.63681592039801,0.8767199160447762,0.5,0.1666666666666666,32.0,5.0,3.0,28,0.2058823529411764,87,1.2985074626865671,random,,0.9552238805970149
5,bortezomib,59,67,125,50,9,0,8,0.6492537313432836,0.8783232276119403,0.5,0.1666666666666666,25.4,5.0,3.0,28,0.2058823529411764,89,1.328358208955224,random,,0.8805970149253731
8,bortezomib,23,67,127,55,7,0,5,0.6791044776119403,0.8240292677238806,0.5,0.1666666666666666,45.6,5.0,3.0,31,0.2279411764705882,97,1.4477611940298507,random,,0.9253731343283582
13,bortezomib,20,67,127,52,6,0,9,0.7313432835820896,0.9253731343283582,0.5,0.1666666666666666,19.2,5.0,3.0,26,0.1911764705882352,97,1.4477611940298507,random,,0.8656716417910448
23,bortezomib,50,67,128,62,3,0,2,0.7761194029850746,0.9253731343283582,0.5,0.1666666666666666,20.0,5.0,3.0,27,0.1985294117647058,97,1.4477611940298507,random,,0.9701492537313433
24,bortezomib,15,67,127,62,1,0,4,0.7014925373134329,0.9046758395522388,0.5,0.1666666666666666,35.0,5.0,3.0,23,0.1691176470588235,108,1.611940298507463,random,,0.9402985074626866
25,bortezomib,49,67,128,41,10,0,16,0.6455223880597015,0.8916015625,0.875,0.0416666666666666,92.6,5.0,3.0,23,0.1691176470588235,49,0.7313432835820896,random,,0.7611940298507462
32,bortezomib,97,67,128,54,8,1,4,0.5217661691542289,0.8305736940298507,0.5,0.1666666666666666,59.0,5.0,3.0,24,0.1764705882352941,104,1.5522388059701493,random,,0.9402985074626866
39,bortezomib,95,67,127,58,3,0,6,0.7325870646766169,0.8883220615671642,0.5,0.1666666666666666,6.8,5.0,3.0,24,0.1764705882352941,100,1.492537313432836,random,,0.9104477611940298
44,bortezomib,77,67,127,59,6,0,2,0.7014925373134329,0.9211462220149254,0.5,0.1666666666666666,86.6,5.0,3.0,25,0.1838235294117647,97,1.4477611940298507,random,,0.9701492537313433
52,bortezomib,75,67,127,47,14,0,6,0.6940298507462687,0.9253731343283582,0.0,0.3333333333333333,52.8,5.0,3.0,28,0.2058823529411764,99,1.4776119402985075,random,,0.9104477611940298
56,bortezomib,74,67,129,49,8,0,10,0.6352611940298507,0.8666627798507462,0.625,0.125,36.0,5.0,3.0,25,0.1838235294117647,93,1.388059701492537,random,,0.8507462686567164
61,bortezomib,39,67,128,57,3,0,7,0.746268656716418,0.8987290111940298,0.5,0.3333333333333333,66.4,5.0,3.0,25,0.1838235294117647,86,1.2835820895522387,random,,0.8955223880597015
62,bortezomib,89,67,129,55,6,0,6,0.6791044776119403,0.916015625,0.5,0.1666666666666666,43.8,5.0,3.0,27,0.1985294117647058,96,1.4328358208955223,random,,0.9104477611940298
67,bortezomib,71,67,126,59,6,0,2,0.7126865671641791,0.8960179570895522,0.5,0.1666666666666666,18.4,5.0,3.0,27,0.1985294117647058,92,1.373134328358209,random,,0.9701492537313433
71,bortezomib,36,67,127,63,1,0,3,0.6349502487562189,0.8390275186567164,0.5,0.1666666666666666,36.8,5.0,3.0,27,0.1985294117647058,97,1.4477611940298507,random,,0.9552238805970149
78,bortezomib,2,67,128,53,5,0,9,0.6455223880597015,0.8757287779850746,0.5,0.1666666666666666,126.4,5.0,3.0,26,0.1911764705882352,75,1.1194029850746268,random,,0.8656716417910448
81,bortezomib,33,67,128,46,15,2,4,0.7425373134328358,0.9253731343283582,0.5,0.1666666666666666,208.8,5.0,3.0,32,0.2352941176470588,88,1.3134328358208955,random,,0.9402985074626866
82,bortezomib,6,67,127,54,7,0,6,0.7388059701492538,0.9253731343283582,0.5,0.3333333333333333,40.3,5.0,3.0,24,0.1764705882352941,99,1.4776119402985075,random,,0.9104477611940298
89,bortezomib,31,67,125,55,8,0,4,0.6865671641791045,0.9056961287313432,0.5,0.1666666666666666,10.4,5.0,3.0,28,0.2058823529411764,93,1.388059701492537,random,,0.9402985074626866
93,bortezomib,4,67,126,49,10,1,7,0.7238805970149254,0.9253731343283582,0.75,0.0833333333333333,13.0,5.0,3.0,23,0.1691176470588235,103,1.537313432835821,random,,0.8955223880597015
96,bortezomib,63,67,128,59,4,0,4,0.4925373134328358,0.8798536613805971,0.5,0.1666666666666666,42.0,5.0,3.0,26,0.1911764705882352,91,1.3582089552238803,random,,0.9402985074626866
130,apoptosis,37,41,73,38,1,0,2,0.8170731707317073,0.951219512195122,0.0,1.0,25.0,2.0,1.0,12,0.1428571428571428,67,1.6341463414634143,random,,0.9512195121951219
142,apoptosis,24,41,73,35,1,0,5,0.7804878048780488,0.951219512195122,0.5,0.5,10.5,2.0,1.0,13,0.1547619047619047,48,1.170731707317073,random,,0.8780487804878049
153,apoptosis,72,41,71,29,4,0,8,0.7713414634146342,0.951219512195122,0.5,0.5,55.0,2.0,1.0,16,0.1904761904761904,59,1.4390243902439024,random,,0.8048780487804879
158,apoptosis,25,41,71,35,2,0,4,0.7073170731707317,0.8367473323170732,0.5,0.5,6.5,2.0,1.0,13,0.1547619047619047,61,1.4878048780487805,random,,0.9024390243902439
163,apoptosis,60,41,73,38,1,0,2,0.7713414634146342,0.9163490853658536,0.0,1.0,1.0,2.0,1.0,16,0.1904761904761904,57,1.3902439024390243,random,,0.9512195121951219
168,apoptosis,27,41,72,37,2,0,2,0.7804878048780488,0.951219512195122,0.5,0.5,24.5,2.0,1.0,13,0.1547619047619047,63,1.5365853658536586,random,,0.9512195121951219
177,apoptosis,67,41,71,36,1,0,4,0.8048780487804879,0.951219512195122,0.5,0.5,18.5,2.0,1.0,13,0.1547619047619047,68,1.6585365853658536,random,,0.9024390243902439
200,bt474_short,99,16,31,5,3,0,8,0.5,0.63348388671875,0.25,0.5,4.052631578947368,5.0,2.0,16,0.4705882352941176,7,0.4375,random,,0.5
201,bt474_short,82,16,34,4,7,0,5,0.796875,0.6875,0.8125,0.09375,7.6,5.0,2.0,15,0.4411764705882353,11,0.6875,random,,0.6875
203,bt474_short,65,16,30,9,3,0,4,0.71875,0.63836669921875,0.5,0.25,3.4,5.0,2.0,18,0.5294117647058824,10,0.625,random,,0.75
204,bt474_short,10,16,34,8,4,0,4,0.625,0.6309814453125,0.75,0.125,10.0,5.0,2.0,15,0.4411764705882353,11,0.6875,random,,0.75
205,bt474_short,98,16,31,6,5,0,5,0.5625,0.6875,0.0,0.75,4.266666666666667,5.0,2.0,16,0.4705882352941176,14,0.875,random,,0.6875
208,bt474_short,97,16,34,7,7,0,2,0.6875,0.6875,0.0,1.0,8.777777777777779,5.0,2.0,11,0.34375,21,1.3125,random,,0.875
209,bt474_short,80,16,32,10,2,0,4,0.90625,0.6519775390625,0.5,0.25,11.2,5.0,2.0,15,0.4411764705882353,10,0.625,random,,0.75
210,bt474_short,63,16,31,4,6,0,6,0.765625,0.68304443359375,0.0,0.8125,3.1384615384615384,5.0,2.0,14,0.4375,10,0.625,random,,0.625
211,bt474_short,11,16,31,6,5,0,5,0.59375,0.64886474609375,0.0,0.9375,5.745762711864407,5.0,2.0,10,0.3125,12,0.75,random,,0.6875
212,bt474_short,96,16,33,3,4,0,9,0.5625,0.60498046875,0.0,0.875,2.548387096774193,5.0,2.0,15,0.46875,5,0.3125,random,,0.4375
213,bt474_short,79,16,30,11,2,0,3,0.90625,0.6875,0.5,0.25,6.75,5.0,2.0,14,0.4117647058823529,9,0.5625,random,,0.8125
214,bt474_short,62,16,33,13,1,0,2,0.65625,0.63555908203125,0.0,0.5,4.4,5.0,2.0,14,0.4117647058823529,11,0.6875,random,,0.875
215,bt474_short,95,16,30,7,5,0,4,0.6875,0.6875,0.5,0.5,7.0,5.0,2.0,15,0.4411764705882353,7,0.4375,random,,0.75
216,bt474_short,78,16,30,6,3,0,7,0.6875,0.67352294921875,0.0,0.96875,2.4838709677419355,5.0,2.0,11,0.34375,13,0.8125,random,,0.5625
217,bt474_short,61,16,32,1,6,0,9,0.5,0.654296875,0.09375,0.84375,4.881481481481481,5.0,2.0,13,0.40625,20,1.25,random,,0.4375
218,bt474_short,94,16,32,2,6,0,8,0.4737723214285714,0.671142578125,0.4375,0.40625,4.6,5.0,2.0,15,0.46875,7,0.4375,random,,0.5
219,bt474_short,7,16,33,10,5,0,1,0.625,0.63397216796875,0.0,0.5,3.6,5.0,2.0,21,0.6176470588235294,9,0.5625,random,,0.9375
220,bt474_short,77,16,34,7,6,0,3,0.8125,0.6712646484375,0.0,0.5,4.0,5.0,2.0,15,0.4411764705882353,16,1.0,random,,0.8125
221,bt474_short,60,16,31,8,3,0,5,0.75,0.6875,0.375,0.3125,7.4,5.0,2.0,15,0.4411764705882353,19,1.1875,random,,0.6875
223,bt474_short,93,16,32,8,2,0,6,0.59375,0.6875,0.125,0.4375,4.0,5.0,2.0,16,0.4705882352941176,8,0.5,random,,0.625
224,bt474_short,76,16,34,2,6,0,8,0.65625,0.64044189453125,0.375,0.3125,11.6,5.0,2.0,15,0.4411764705882353,17,1.0625,random,,0.5
225,bt474_short,59,16,32,13,2,0,1,0.65625,0.6875,0.0,0.5,3.0,5.0,2.0,12,0.3529411764705882,12,0.75,random,,0.9375
226,bt474_short,92,16,32,3,4,0,9,0.5625,0.6875,0.5625,0.21875,8.4,5.0,2.0,13,0.3823529411764705,9,0.5625,random,,0.4375
227,bt474_short,75,16,32,3,7,0,6,0.65625,0.64776611328125,0.25,0.375,6.4,5.0,2.0,19,0.5588235294117647,6,0.375,random,,0.625
228,bt474_short,14,16,31,3,5,0,8,0.5729166666666667,0.62677001953125,0.3125,0.34375,5.6,5.0,2.0,15,0.4411764705882353,9,0.5625,random,,0.5
229,bt474_short,91,16,34,5,5,0,6,0.59375,0.60137939453125,0.0,0.875,5.0285714285714285,5.0,2.0,15,0.4411764705882353,9,0.5625,random,,0.625
231,bt474_short,0,16,33,3,4,0,9,0.546875,0.6229248046875,0.21875,0.390625,13.2,5.0,2.0,16,0.4705882352941176,6,0.375,random,,0.4375
232,bt474_short,90,16,34,3,6,0,7,0.65625,0.68170166015625,0.0,0.65625,6.123809523809523,5.0,2.0,13,0.3823529411764705,14,0.875,random,,0.5625
233,bt474_short,73,16,32,1,5,0,10,0.4375,0.6556396484375,0.0,0.78125,4.88,5.0,2.0,12,0.375,11,0.6875,random,,0.375
234,bt474_short,32,16,33,10,3,0,3,0.5338541666666666,0.6702880859375,0.5,0.25,2.8,5.0,2.0,15,0.4411764705882353,14,0.875,random,,0.8125
235,bt474_short,56,16,34,12,3,0,1,0.6875,0.685791015625,0.0,0.5,6.6,5.0,2.0,16,0.4705882352941176,15,0.9375,random,,0.9375
236,bt474_short,6,16,34,6,6,0,4,0.3229166666666667,0.67034912109375,0.125,0.4375,7.4,5.0,2.0,15,0.4411764705882353,18,1.125,random,,0.75
237,bt474_short,89,16,31,13,1,0,2,0.90625,0.6400146484375,0.5,0.25,5.0,5.0,2.0,17,0.5,8,0.5,random,,0.875
238,bt474_short,15,16,32,8,3,0,5,0.59375,0.6182861328125,0.0,0.8125,2.3404255319148937,5.0,2.0,15,0.46875,8,0.5,random,,0.6875
239,bt474_short,72,16,28,8,4,0,4,0.5,0.68017578125,0.125,0.4375,3.333333333333333,5.0,2.0,13,0.3823529411764705,16,1.0,random,,0.75
241,bt474_short,16,16,33,6,5,0,5,0.34375,0.57147216796875,0.0,0.9375,2.6666666666666665,5.0,2.0,16,0.5,13,0.8125,random,,0.6875
242,bt474_short,57,16,32,7,4,0,5,0.515625,0.6575927734375,0.125,0.4375,2.6,5.0,2.0,16,0.4705882352941176,10,0.625,random,,0.6875
243,bt474_short,88,16,33,4,5,0,7,0.75,0.57257080078125,0.0625,0.78125,4.826086956521739,5.0,2.0,15,0.46875,11,0.6875,random,,0.5625
244,bt474_short,71,16,34,3,6,0,7,0.59375,0.5946044921875,0.6875,0.15625,9.0,5.0,2.0,19,0.5588235294117647,7,0.4375,random,,0.5625
245,bt474_short,87,16,31,6,5,0,5,0.75,0.6875,0.0,0.96875,4.793548387096775,5.0,2.0,13,0.40625,19,1.1875,random,,0.6875
246,bt474_short,70,16,31,3,8,0,5,0.421875,0.61590576171875,0.0,0.8125,2.795918367346939,5.0,2.0,12,0.375,13,0.8125,random,,0.6875
247,bt474_short,17,16,32,4,5,0,7,0.78125,0.6875,0.5,0.25,6.0,5.0,2.0,16,0.4705882352941176,8,0.5,random,,0.5625
248,bt474_short,58,16,31,3,5,0,8,0.625,0.66766357421875,0.0,0.78125,3.464,5.0,2.0,15,0.4411764705882353,17,1.0625,random,,0.5
249,bt474_short,86,16,34,10,3,0,3,0.828125,0.63409423828125,0.5,0.25,2.6,5.0,2.0,14,0.4117647058823529,16,1.0,random,,0.8125
250,bt474_short,69,16,33,6,5,0,5,0.65625,0.56500244140625,0.9375,0.03125,4.6,5.0,2.0,20,0.5882352941176471,6,0.375,random,,0.6875
251,bt474_short,55,16,32,11,3,0,2,0.84375,0.6551513671875,0.25,0.375,3.8,5.0,2.0,13,0.3823529411764705,8,0.5,random,,0.875
252,bt474_short,8,16,32,14,1,0,1,0.625,0.6610107421875,0.0,0.5,4.0,5.0,2.0,13,0.3823529411764705,20,1.25,random,,0.9375
253,bt474_short,85,16,32,2,8,0,6,0.75,0.6875,0.0,0.75,4.733333333333333,5.0,2.0,14,0.4117647058823529,16,1.0,random,,0.625
254,bt474_short,68,16,34,10,3,0,3,0.46875,0.50469970703125,0.5,0.25,5.75,5.0,2.0,16,0.4705882352941176,10,0.625,random,,0.8125
256,bt474_short,84,16,32,4,4,0,8,0.71875,0.65606689453125,0.25,0.6875,4.2727272727272725,5.0,2.0,17,0.5,13,0.8125,random,,0.5
257,bt474_short,18,16,31,3,5,0,8,0.4375,0.56585693359375,0.0,0.78125,3.333333333333333,5.0,2.0,15,0.46875,9,0.5625,random,,0.5
258,bt474_short,67,16,31,2,4,0,10,0.59375,0.67138671875,0.125,0.84375,3.7355371900826446,5.0,2.0,12,0.3529411764705882,22,1.375,random,,0.375
259,bt474_short,83,16,30,9,3,0,4,0.75,0.62908935546875,0.25,0.375,3.8,5.0,2.0,16,0.4705882352941176,14,0.875,random,,0.75
260,bt474_short,66,16,31,11,1,0,4,0.71875,0.6875,0.5,0.25,4.8,5.0,2.0,13,0.3823529411764705,17,1.0625,random,,0.75
261,bt474_short,19,16,32,10,1,0,5,0.8203125,0.59234619140625,0.0,0.75,2.5454545454545454,5.0,2.0,16,0.5,7,0.4375,random,,0.6875
263,bt474_short,30,16,33,4,3,0,9,0.5,0.65374755859375,0.8125,0.09375,7.2,5.0,2.0,17,0.5,8,0.5,random,,0.4375
264,bt474_short,49,16,31,9,3,0,4,0.4375,0.58892822265625,0.0,0.5,2.6,5.0,2.0,15,0.4411764705882353,8,0.5,random,,0.75
265,bt474_short,40,16,32,5,7,0,4,0.71875,0.6396484375,0.25,0.75,2.8,5.0,2.0,17,0.53125,14,0.875,random,,0.75
266,bt474_short,50,16,33,2,5,0,9,0.4375,0.6875,0.0625,0.6875,4.125,5.0,2.0,17,0.5,9,0.5625,random,,0.4375
267,bt474_short,34,16,30,4,3,0,9,0.65625,0.65338134765625,0.0,0.90625,2.8931297709923665,5.0,2.0,10,0.2941176470588235,18,1.125,random,,0.4375
268,bt474_short,36,16,33,6,6,0,4,0.71875,0.6875,0.75,0.125,9.2,5.0,2.0,19,0.5588235294117647,5,0.3125,random,,0.75
269,bt474_short,4,16,30,9,3,0,4,0.5625,0.6875,0.0,0.5,1.6,5.0,2.0,16,0.4705882352941176,5,0.3125,random,,0.75
270,bt474_short,42,16,30,2,6,0,8,0.5,0.674560546875,0.4375,0.3125,2.8095238095238093,5.0,2.0,17,0.5,7,0.4375,random,,0.5
272,bt474_short,23,16,31,2,8,0,6,0.78125,0.62841796875,0.0625,0.6875,2.5625,5.0,2.0,13,0.40625,17,1.0625,random,,0.625
273,bt474_short,54,16,31,11,3,0,2,0.453125,0.58685302734375,0.0,0.5,2.8,5.0,2.0,19,0.5588235294117647,6,0.375,random,,0.875
274,bt474_short,25,16,32,8,2,0,6,0.6875,0.6875,0.125,0.4375,5.333333333333333,5.0,2.0,17,0.5,12,0.75,random,,0.625
275,bt474_short,31,16,33,7,5,0,4,0.46875,0.6640625,0.125,0.4375,8.75,5.0,2.0,15,0.4411764705882353,14,0.875,random,,0.75
276,bt474_short,41,16,33,6,5,0,5,0.59375,0.672119140625,0.125,0.4375,7.4,5.0,2.0,16,0.4705882352941176,8,0.5,random,,0.6875
277,bt474_short,22,16,31,12,3,0,1,0.8125,0.6875,0.0,0.5,12.0,5.0,2.0,14,0.4117647058823529,14,0.875,random,,0.9375
278,bt474_short,52,16,33,13,2,0,1,0.625,0.62615966796875,0.0,0.5,6.666666666666667,5.0,2.0,17,0.5,10,0.625,random,,0.9375
279,bt474_short,21,16,33,3,6,0,7,0.828125,0.6875,0.0,0.65625,3.9178082191780814,5.0,2.0,18,0.5294117647058824,6,0.375,random,,0.5625
280,bt474_short,28,16,32,6,4,0,6,0.78125,0.67010498046875,0.125,0.4375,6.2,5.0,2.0,16,0.4705882352941176,9,0.5625,random,,0.625
282,bt474_short,53,16,34,3,7,0,6,0.625,0.64154052734375,0.0625,0.46875,2.2,5.0,2.0,14,0.4117647058823529,13,0.8125,random,,0.625
283,bt474_short,2,16,32,10,4,0,2,0.78125,0.65576171875,0.0,0.5,5.4,5.0,2.0,15,0.4411764705882353,15,0.9375,random,,0.875
284,bt474_short,51,16,32,10,2,0,4,0.375,0.5799560546875,0.375,0.3125,2.4,5.0,2.0,15,0.4411764705882353,11,0.6875,random,,0.75
285,bt474_short,48,16,32,3,6,1,6,0.59375,0.66864013671875,0.0,0.625,2.647058823529412,5.0,2.0,14,0.4375,10,0.625,random,,0.625
286,bt474_short,33,16,30,1,6,0,9,0.6875,0.6573486328125,0.0,0.921875,3.5513307984790874,5.0,2.0,15,0.4411764705882353,7,0.4375,random,,0.4375
287,bt474_short,47,16,33,11,2,0,3,0.65625,0.6875,0.0,1.0,5.2,5.0,2.0,15,0.46875,11,0.6875,random,,0.8125
288,bt474_short,39,16,31,8,3,0,5,0.625,0.6875,0.25,0.75,4.9,5.0,2.0,12,0.375,14,0.875,random,,0.6875
290,bt474_short,37,16,33,12,2,0,2,0.53125,0.6636962890625,0.0,0.5,3.4,5.0,2.0,18,0.5294117647058824,5,0.3125,random,,0.875
291,bt474_short,3,16,34,4,3,0,9,0.6875,0.64471435546875,0.25,0.6875,5.363636363636363,5.0,2.0,12,0.375,16,1.0,random,,0.4375
293,bt474_short,26,16,31,3,6,0,7,0.5,0.67767333984375,0.03125,0.484375,8.4,5.0,2.0,16,0.4705882352941176,7,0.4375,random,,0.5625
294,bt474_short,44,16,32,4,5,0,7,0.40625,0.673095703125,0.9375,0.03125,4.4,5.0,2.0,19,0.5588235294117647,5,0.3125,random,,0.5625
296,bt474_short,20,16,30,9,5,0,2,0.6875,0.6875,0.0,1.0,3.7,5.0,2.0,11,0.34375,19,1.1875,random,,0.875
297,bt474_short,45,16,30,5,5,0,6,0.90625,0.648681640625,0.0625,0.46875,5.8,5.0,2.0,15,0.4411764705882353,16,1.0,random,,0.625
298,bt474_short,29,16,32,9,5,0,2,0.8125,0.66143798828125,0.0,0.5,3.5,5.0,2.0,18,0.5294117647058824,12,0.75,random,,0.875
299,bt474_short,46,16,33,2,6,0,8,0.59375,0.6875,0.5,0.25,4.8,5.0,2.0,15,0.4411764705882353,6,0.375,random,,0.5
351,colitis,47,70,149,48,14,0,8,0.7535714285714286,0.9857142857142858,0.5,0.25,69.0,1.0,2.0,23,0.1619718309859155,107,1.5285714285714285,random,,0.8857142857142857
392,colitis,77,70,152,61,6,0,3,0.725,0.95615234375,0.5,0.25,1.0,1.0,2.0,24,0.1690140845070422,115,1.6428571428571428,random,,0.9571428571428572
400,death,54,28,43,22,2,0,4,0.7678571428571429,0.802001953125,0.5,0.1666666666666666,1.0,3.0,3.0,9,0.1551724137931034,48,1.7142857142857142,random,,0.8571428571428572
405,death,66,28,44,20,3,0,5,0.7321428571428571,0.8699428013392857,0.5,0.1666666666666666,5.0,3.0,3.0,12,0.2068965517241379,43,1.5357142857142858,random,,0.8214285714285714
407,death,65,28,44,19,5,0,4,0.8035714285714286,0.8555733816964286,0.5,0.1666666666666666,2.6666666666666665,3.0,3.0,10,0.1724137931034483,45,1.6071428571428572,random,,0.8571428571428572
408,death,64,28,44,20,3,0,5,0.7678571428571429,0.8928571428571429,0.5,0.1666666666666666,3.0,3.0,3.0,14,0.2413793103448276,43,1.5357142857142858,random,,0.8214285714285714
410,death,44,28,44,23,2,0,3,0.6964285714285714,0.855712890625,0.5,0.1666666666666666,2.0,3.0,3.0,11,0.1896551724137931,30,1.0714285714285714,random,,0.8928571428571429
412,death,39,28,44,23,2,0,3,0.7678571428571429,0.8928571428571429,0.5,0.1666666666666666,9.0,3.0,3.0,12,0.2068965517241379,19,0.6785714285714286,random,,0.8928571428571429
413,death,61,28,44,25,1,0,2,0.75,0.8268345424107143,0.0,0.3333333333333333,4.333333333333333,3.0,3.0,12,0.2068965517241379,17,0.6071428571428571,random,,0.9285714285714286
415,death,55,28,44,11,10,0,7,0.7232142857142857,0.8756277901785714,0.25,0.25,3.0,3.0,3.0,13,0.2241379310344827,41,1.4642857142857142,random,,0.75
419,death,43,28,42,11,8,0,9,0.5357142857142857,0.8009905133928571,0.5,0.3333333333333333,4.166666666666667,3.0,3.0,10,0.1724137931034483,40,1.4285714285714286,random,,0.6785714285714286
420,death,58,28,44,17,2,0,9,0.75,0.8928571428571429,0.5,0.1666666666666666,4.0,3.0,3.0,12,0.2068965517241379,32,1.1428571428571428,random,,0.6785714285714286
425,death,56,28,43,18,4,0,6,0.75,0.8928571428571429,0.5,0.1666666666666666,5.666666666666667,3.0,3.0,10,0.1724137931034483,44,1.5714285714285714,random,,0.7857142857142857
429,death,35,28,44,21,2,0,5,0.6607142857142857,0.8928571428571429,0.5,0.1666666666666666,1.6666666666666667,3.0,3.0,8,0.1379310344827586,41,1.4642857142857142,random,,0.8214285714285714
431,death,10,28,43,17,7,0,4,0.8035714285714286,0.8568987165178571,0.5,0.1666666666666666,3.333333333333333,3.0,3.0,13,0.2241379310344827,39,1.3928571428571428,random,,0.8571428571428572
437,death,26,28,44,15,3,0,10,0.75,0.8702915736607143,0.25,0.3333333333333333,1.5,3.0,3.0,11,0.1896551724137931,38,1.3571428571428572,random,,0.6428571428571428
438,death,9,28,43,9,6,0,13,0.6071428571428571,0.8663504464285714,0.5,0.25,5.4,3.0,3.0,9,0.1551724137931034,45,1.6071428571428572,random,,0.5357142857142857
441,death,82,28,43,21,2,0,5,0.7053571428571429,0.8080008370535714,0.5,0.1666666666666666,1.3333333333333333,3.0,3.0,11,0.1896551724137931,44,1.5714285714285714,random,,0.8214285714285714
448,death,81,28,44,12,6,0,10,0.3591269841269841,0.7979561941964286,0.0,0.3333333333333333,1.0,3.0,3.0,9,0.1551724137931034,25,0.8928571428571429,random,,0.6428571428571428
449,death,17,28,44,17,4,0,7,0.8035714285714286,0.8928571428571429,0.5,0.1666666666666666,1.3333333333333333,3.0,3.0,12,0.2068965517241379,36,1.2857142857142858,random,,0.75
450,death,31,28,43,25,1,0,2,0.7321428571428571,0.8928571428571429,0.0,0.3333333333333333,1.3333333333333333,3.0,3.0,9,0.1551724137931034,45,1.6071428571428572,random,,0.9285714285714286
451,death,19,28,44,16,6,2,4,0.6785714285714286,0.820556640625,0.5,0.1666666666666666,5.0,3.0,3.0,10,0.1724137931034483,44,1.5714285714285714,random,,0.8571428571428572
452,death,7,28,44,10,7,1,10,0.7142857142857143,0.8928571428571429,0.0,0.4166666666666667,1.3076923076923077,3.0,3.0,11,0.1896551724137931,22,0.7857142857142857,random,,0.6428571428571428
456,death,79,28,44,21,3,0,4,0.75,0.8566545758928571,0.75,0.0833333333333333,1.3333333333333333,3.0,3.0,14,0.2413793103448276,37,1.3214285714285714,random,,0.8571428571428572
457,death,24,28,42,25,1,0,2,0.7321428571428571,0.8571428571428571,0.0,0.3333333333333333,1.0,3.0,3.0,12,0.2068965517241379,40,1.4285714285714286,random,,0.9285714285714286
463,death,6,28,44,20,3,0,5,0.75,0.8928571428571429,0.5,0.1666666666666666,10.333333333333334,3.0,3.0,13,0.2241379310344827,42,1.5,random,,0.8214285714285714
464,death,77,28,44,17,4,0,7,0.6964285714285714,0.8928571428571429,0.0,0.3333333333333333,9.333333333333334,3.0,3.0,10,0.1724137931034483,42,1.5,random,,0.75
466,death,93,28,43,20,3,0,5,0.7857142857142857,0.8928571428571429,0.25,0.25,1.3333333333333333,3.0,3.0,12,0.2068965517241379,45,1.6071428571428572,random,,0.8214285714285714
469,death,75,28,44,18,4,0,6,0.7559523809523808,0.8928571428571429,0.5,0.1666666666666666,2.0,3.0,3.0,14,0.2413793103448276,40,1.4285714285714286,random,,0.7857142857142857
472,death,4,28,44,22,1,0,5,0.6964285714285714,0.7758091517857143,0.5,0.1666666666666666,4.333333333333333,3.0,3.0,13,0.2241379310344827,29,1.0357142857142858,random,,0.8214285714285714
473,death,47,28,44,21,5,0,2,0.7321428571428571,0.833740234375,0.5,0.1666666666666666,4.666666666666667,3.0,3.0,11,0.1896551724137931,45,1.6071428571428572,random,,0.9285714285714286
474,death,91,28,43,19,5,0,4,0.7232142857142857,0.8928571428571429,0.5,0.1666666666666666,3.6666666666666665,3.0,3.0,12,0.2068965517241379,43,1.5357142857142858,random,,0.8571428571428572
475,death,30,28,43,21,1,0,6,0.6607142857142857,0.86669921875,0.5,0.1666666666666666,1.3333333333333333,3.0,3.0,9,0.1551724137931034,25,0.8928571428571429,random,,0.7857142857142857
482,death,73,28,44,16,9,0,3,0.4613095238095238,0.6933244977678571,0.5,0.1666666666666666,3.0,3.0,3.0,13,0.2241379310344827,41,1.4642857142857142,random,,0.8928571428571429
487,death,21,28,43,19,5,0,4,0.6964285714285714,0.8860212053571429,0.5,0.1666666666666666,8.666666666666666,3.0,3.0,11,0.1896551724137931,47,1.6785714285714286,random,,0.8571428571428572
489,death,88,28,44,18,3,1,6,0.75,0.8573521205357143,0.5,0.1666666666666666,2.0,3.0,3.0,15,0.2586206896551724,20,0.7142857142857143,random,,0.7857142857142857
490,death,71,28,44,16,4,0,8,0.5833333333333334,0.7583356584821429,0.5,0.1666666666666666,18.33333333333333,3.0,3.0,11,0.1896551724137931,42,1.5,random,,0.7142857142857143
492,death,87,28,44,18,6,0,4,0.7857142857142857,0.8928571428571429,0.5,0.1666666666666666,4.666666666666667,3.0,3.0,11,0.1896551724137931,46,1.6428571428571428,random,,0.8571428571428572
493,death,70,28,42,12,6,0,10,0.7678571428571429,0.8928571428571429,0.125,0.4166666666666667,2.090909090909091,3.0,3.0,12,0.2068965517241379,40,1.4285714285714286,random,,0.6428571428571428
496,death,5,28,44,23,2,0,3,0.6607142857142857,0.8112444196428571,0.5,0.1666666666666666,2.5,3.0,3.0,13,0.2241379310344827,33,1.1785714285714286,random,,0.8928571428571429
497,death,46,28,42,22,1,0,5,0.6428571428571429,0.8928571428571429,0.0,0.3333333333333333,1.0,3.0,3.0,11,0.1896551724137931,38,1.3571428571428572,random,,0.8214285714285714
498,death,86,28,44,22,2,0,4,0.5535714285714286,0.8565150669642857,0.5,0.1666666666666666,7.333333333333333,3.0,3.0,12,0.2068965517241379,41,1.4642857142857142,random,,0.8571428571428572
500,hcc1954_short,95,16,33,3,6,0,7,0.53125,0.58599853515625,0.3125,0.6875,8.2,5.0,1.0,19,0.5588235294117647,9,0.5625,random,,0.5625
501,hcc1954_short,94,16,34,13,2,0,1,0.6875,0.65625,0.0,1.0,6.0,5.0,1.0,17,0.5,11,0.6875,random,,0.9375
502,hcc1954_short,31,16,33,6,5,0,5,0.5625,0.6875,0.5,0.5,14.0,5.0,1.0,16,0.4705882352941176,10,0.625,random,,0.6875
504,hcc1954_short,93,16,32,8,4,0,4,0.59375,0.6875,0.375,0.625,6.6,5.0,1.0,14,0.4117647058823529,9,0.5625,random,,0.75
506,hcc1954_short,91,16,35,3,5,0,8,0.65625,0.660888671875,0.25,0.75,6.0,5.0,1.0,18,0.5625,4,0.25,random,,0.5
507,hcc1954_short,90,16,33,8,3,0,5,0.703125,0.68328857421875,0.125,0.875,5.4,5.0,1.0,15,0.4411764705882353,15,0.9375,random,,0.6875
509,hcc1954_short,5,16,32,8,5,0,3,0.65625,0.5823974609375,0.125,0.875,8.4,5.0,1.0,17,0.5,7,0.4375,random,,0.8125
510,hcc1954_short,88,16,31,6,6,0,4,0.78125,0.623779296875,0.25,0.75,4.8,5.0,1.0,20,0.5882352941176471,7,0.4375,random,,0.75
513,hcc1954_short,52,16,33,12,1,0,3,0.65625,0.596435546875,0.0,1.0,1.0,5.0,1.0,14,0.4375,16,1.0,random,,0.8125
514,hcc1954_short,86,16,33,6,4,0,6,0.5625,0.59967041015625,0.5,0.5,6.0,5.0,1.0,21,0.6176470588235294,7,0.4375,random,,0.625
515,hcc1954_short,4,16,31,9,2,0,5,0.515625,0.590087890625,0.5,0.5,4.8,5.0,1.0,20,0.5882352941176471,5,0.3125,random,,0.6875
519,hcc1954_short,83,16,33,8,5,0,3,0.65625,0.61810302734375,0.25,0.75,3.4,5.0,1.0,15,0.46875,10,0.625,random,,0.8125
520,hcc1954_short,99,16,31,3,4,0,9,0.484375,0.61981201171875,0.6875,0.3125,5.6,5.0,1.0,13,0.3823529411764705,21,1.3125,random,,0.4375
522,hcc1954_short,2,16,31,14,0,0,2,0.59375,0.6875,0.0,1.0,1.0,5.0,1.0,15,0.4411764705882353,10,0.625,random,,0.875
523,hcc1954_short,98,16,34,6,6,0,4,0.53125,0.6875,0.125,0.875,12.6,5.0,1.0,15,0.4411764705882353,17,1.0625,random,,0.75
524,hcc1954_short,81,16,34,5,6,0,5,0.75,0.669189453125,0.3125,0.6875,13.8,5.0,1.0,14,0.4117647058823529,12,0.75,random,,0.6875
527,hcc1954_short,34,16,31,5,5,0,6,0.609375,0.5419921875,0.46875,0.53125,6.2,5.0,1.0,20,0.5882352941176471,8,0.5,random,,0.625
528,hcc1954_short,3,16,32,13,1,0,2,0.59375,0.63995361328125,0.0,1.0,2.8,5.0,1.0,16,0.4705882352941176,6,0.375,random,,0.875
529,hcc1954_short,80,16,33,8,3,0,5,0.84375,0.65948486328125,0.25,0.75,14.0,5.0,1.0,16,0.4705882352941176,11,0.6875,random,,0.6875
530,hcc1954_short,96,16,32,9,1,0,6,0.625,0.675048828125,0.75,0.25,3.4,5.0,1.0,15,0.4411764705882353,16,1.0,random,,0.625
531,hcc1954_short,79,16,33,10,3,0,3,0.5,0.65655517578125,0.5,0.5,3.6,5.0,1.0,15,0.4411764705882353,18,1.125,random,,0.8125
532,hcc1954_short,13,16,33,13,2,0,1,0.53125,0.65411376953125,0.0,1.0,12.0,5.0,1.0,17,0.5,11,0.6875,random,,0.9375
533,hcc1954_short,62,16,33,4,7,0,5,0.484375,0.6490478515625,0.1875,0.8125,6.8,5.0,1.0,19,0.5588235294117647,4,0.25,random,,0.6875
534,hcc1954_short,28,16,34,10,3,0,3,0.78125,0.6875,0.375,0.625,6.2,5.0,1.0,15,0.4411764705882353,19,1.1875,random,,0.8125
535,hcc1954_short,78,16,33,12,1,0,3,0.65625,0.65667724609375,0.5,0.5,8.4,5.0,1.0,19,0.5588235294117647,7,0.4375,random,,0.8125
536,hcc1954_short,61,16,34,5,3,0,8,0.3229166666666667,0.4443359375,0.875,0.125,14.2,5.0,1.0,20,0.5882352941176471,4,0.25,random,,0.5
537,hcc1954_short,21,16,34,7,5,0,4,0.5,0.65814208984375,0.5,0.5,6.4,5.0,1.0,19,0.5588235294117647,5,0.3125,random,,0.75
539,hcc1954_short,50,16,32,8,5,0,3,0.6875,0.6746826171875,0.25,0.75,17.0,5.0,1.0,14,0.4117647058823529,17,1.0625,random,,0.8125
542,hcc1954_short,7,16,31,10,1,0,5,0.375,0.62774658203125,0.75,0.25,3.0,5.0,1.0,18,0.5294117647058824,6,0.375,random,,0.6875
543,hcc1954_short,29,16,32,11,1,0,4,0.84375,0.65582275390625,0.5,0.5,10.2,5.0,1.0,18,0.5294117647058824,8,0.5,random,,0.75
544,hcc1954_short,46,16,33,6,6,0,4,0.71875,0.6875,0.125,0.875,3.4,5.0,1.0,13,0.3823529411764705,21,1.3125,random,,0.75
546,hcc1954_short,23,16,31,12,1,0,3,0.5,0.6083984375,0.0,1.0,1.3333333333333333,5.0,1.0,17,0.53125,13,0.8125,random,,0.8125
547,hcc1954_short,16,16,34,11,2,0,3,0.71875,0.6318359375,0.5,0.5,5.0,5.0,1.0,16,0.4705882352941176,10,0.625,random,,0.8125
548,hcc1954_short,38,16,31,10,3,0,3,0.46875,0.6875,0.5,0.5,6.6,5.0,1.0,17,0.5,9,0.5625,random,,0.8125
549,hcc1954_short,75,16,32,10,3,0,3,0.4375,0.6546630859375,0.5,0.5,2.8,5.0,1.0,18,0.5294117647058824,6,0.375,random,,0.8125
552,hcc1954_short,24,16,33,13,2,0,1,0.78125,0.6875,0.0,1.0,10.2,5.0,1.0,14,0.4117647058823529,17,1.0625,random,,0.9375
554,hcc1954_short,36,16,32,4,4,0,8,0.4375,0.61773681640625,0.5625,0.4375,8.4,5.0,1.0,12,0.375,10,0.625,random,,0.5
556,hcc1954_short,6,16,33,10,5,0,1,0.46875,0.646728515625,0.0,1.0,11.4,5.0,1.0,13,0.40625,12,0.75,random,,0.9375
557,hcc1954_short,55,16,34,8,5,0,3,0.578125,0.56854248046875,0.25,0.75,4.4,5.0,1.0,12,0.375,18,1.125,random,,0.8125
559,hcc1954_short,14,16,33,2,7,0,7,0.28125,0.59423828125,0.375,0.625,5.8,5.0,1.0,18,0.5294117647058824,7,0.4375,random,,0.5625
562,hcc1954_short,72,16,34,5,4,0,7,0.65625,0.6875,0.0625,0.9375,7.2,5.0,1.0,14,0.4375,15,0.9375,random,,0.5625
564,hcc1954_short,20,16,32,7,6,0,3,0.875,0.637939453125,0.25,0.75,8.6,5.0,1.0,16,0.4705882352941176,11,0.6875,random,,0.8125
565,hcc1954_short,0,16,35,5,4,0,7,0.625,0.62713623046875,0.375,0.625,15.0,5.0,1.0,12,0.375,14,0.875,random,,0.5625
567,hcc1954_short,71,16,31,9,5,0,2,0.65625,0.62548828125,0.25,0.75,11.4,5.0,1.0,17,0.5,13,0.8125,random,,0.875
569,hcc1954_short,70,16,31,6,5,0,5,0.75,0.67120361328125,0.375,0.625,4.4,5.0,1.0,16,0.4705882352941176,9,0.5625,random,,0.6875
570,hcc1954_short,44,16,33,10,2,0,4,0.71875,0.65380859375,0.25,0.75,3.8,5.0,1.0,18,0.5294117647058824,10,0.625,random,,0.75
571,hcc1954_short,22,16,32,4,6,0,6,0.5703125,0.6260986328125,0.25,0.75,8.4,5.0,1.0,14,0.4375,14,0.875,random,,0.625
572,hcc1954_short,57,16,32,12,1,0,3,0.71875,0.6875,0.5,0.5,11.8,5.0,1.0,15,0.4411764705882353,11,0.6875,random,,0.8125
573,hcc1954_short,8,16,35,8,3,0,5,0.59375,0.62884521484375,0.5,0.5,9.6,5.0,1.0,17,0.53125,10,0.625,random,,0.6875
574,hcc1954_short,69,16,32,13,1,0,2,0.71875,0.6875,0.0,1.0,1.0,5.0,1.0,15,0.4411764705882353,7,0.4375,random,,0.875
575,hcc1954_short,19,16,35,4,6,0,6,0.640625,0.67999267578125,0.6875,0.3125,2.2,5.0,1.0,19,0.5588235294117647,7,0.4375,random,,0.625
576,hcc1954_short,10,16,31,8,3,0,5,0.59375,0.64581298828125,0.25,0.75,2.8,5.0,1.0,18,0.5294117647058824,5,0.3125,random,,0.6875
577,hcc1954_short,17,16,33,6,6,1,3,0.8125,0.6875,0.5,0.5,7.8,5.0,1.0,15,0.4411764705882353,16,1.0,random,,0.8125
579,hcc1954_short,68,16,33,9,4,0,3,0.78125,0.65545654296875,0.0625,0.9375,3.0,5.0,1.0,16,0.4705882352941176,5,0.3125,random,,0.8125
581,hcc1954_short,56,16,34,8,3,0,5,0.6875,0.6875,0.375,0.625,5.4,5.0,1.0,19,0.5588235294117647,6,0.375,random,,0.6875
582,hcc1954_short,26,16,32,6,5,0,5,0.84375,0.63153076171875,0.4375,0.5625,4.0,5.0,1.0,16,0.5,6,0.375,random,,0.6875
585,hcc1954_short,66,16,32,13,1,0,2,0.75,0.6868896484375,0.5,0.5,3.75,5.0,1.0,17,0.5,5,0.3125,random,,0.875
586,hcc1954_short,41,16,33,7,6,0,3,0.796875,0.669921875,0.5,0.5,4.6,5.0,1.0,15,0.4411764705882353,13,0.8125,random,,0.8125
588,hcc1954_short,42,16,31,13,1,0,2,0.53125,0.59375,0.5,0.5,4.0,5.0,1.0,14,0.4117647058823529,16,1.0,random,,0.875
592,hcc1954_short,18,16,31,7,4,0,5,0.6875,0.6641845703125,0.375,0.625,2.0,5.0,1.0,16,0.4705882352941176,15,0.9375,random,,0.6875
593,hcc1954_short,64,16,32,2,6,0,8,0.3791666666666666,0.55816650390625,0.46875,0.53125,5.6,5.0,1.0,14,0.4375,10,0.625,random,,0.5
596,hcc1954_short,63,16,32,10,2,0,4,0.6875,0.6875,0.75,0.25,3.0,5.0,1.0,14,0.4117647058823529,19,1.1875,random,,0.75
598,hcc1954_short,48,16,31,12,3,0,1,0.5625,0.6109619140625,0.0,1.0,3.4,5.0,1.0,15,0.4411764705882353,16,1.0,random,,0.9375
599,hcc1954_short,51,16,31,4,7,0,5,0.6875,0.49993896484375,0.25,0.75,6.2,5.0,1.0,16,0.4705882352941176,14,0.875,random,,0.6875
600,hgf,9,68,102,60,2,0,6,0.7058823529411765,0.9046559053308824,0.5,0.2,7.857142857142857,6.0,5.0,21,0.1521739130434782,95,1.3970588235294117,random,,0.9117647058823529
601,hgf,71,68,103,55,5,0,8,0.75,0.9117647058823528,0.25,0.15,34.2,6.0,5.0,25,0.181159420289855,90,1.3235294117647058,random,,0.8823529411764706
606,hgf,21,68,101,49,12,0,7,0.6801470588235294,0.8825109145220589,0.5,0.1,11.25,6.0,5.0,27,0.1956521739130435,100,1.4705882352941178,random,,0.8970588235294118
609,hgf,1,68,103,54,11,0,3,0.6838235294117647,0.9052447150735294,0.25,0.15,4.666666666666667,6.0,5.0,22,0.1594202898550724,105,1.5441176470588236,random,,0.9558823529411765
612,hgf,68,68,103,58,3,0,7,0.7352941176470589,0.9117647058823528,0.25,0.2,4.0,6.0,5.0,25,0.181159420289855,100,1.4705882352941178,random,,0.8970588235294118
613,hgf,84,68,102,49,10,0,9,0.6783088235294118,0.8814051011029411,0.25,0.2,4.375,6.0,5.0,21,0.1521739130434782,108,1.588235294117647,random,,0.8676470588235294
615,hgf,67,68,102,41,18,0,9,0.75,0.9117647058823528,0.25,0.15,9.666666666666666,6.0,5.0,22,0.1594202898550724,101,1.4852941176470589,random,,0.8676470588235294
616,hgf,57,68,103,52,7,0,9,0.7205882352941176,0.8690257352941176,0.5,0.15,9.88888888888889,6.0,5.0,21,0.1521739130434782,102,1.5,random,,0.8676470588235294
617,hgf,83,68,100,61,2,0,5,0.6936274509803922,0.8676470588235294,0.5,0.1,4.6,6.0,5.0,22,0.1594202898550724,108,1.588235294117647,random,,0.9264705882352942
618,hgf,99,68,101,59,4,0,5,0.6544117647058824,0.8769674862132353,0.5,0.1,4.8,6.0,5.0,22,0.1594202898550724,95,1.3970588235294117,random,,0.9264705882352942
622,hgf,65,68,102,53,9,1,5,0.6066176470588235,0.8827694163602942,0.5,0.1,7.833333333333333,6.0,5.0,23,0.1666666666666666,109,1.6029411764705883,random,,0.9264705882352942
623,hgf,81,68,103,52,10,0,6,0.7022058823529411,0.9117647058823528,0.5,0.1,26.666666666666668,6.0,5.0,22,0.1594202898550724,105,1.5441176470588236,random,,0.9117647058823529
624,hgf,97,68,102,43,14,0,11,0.7205882352941176,0.9117647058823528,0.125,0.175,2.0,6.0,5.0,25,0.181159420289855,111,1.6323529411764706,random,,0.8382352941176471
627,hgf,23,68,103,48,12,0,8,0.7573529411764706,0.9046559053308824,0.5,0.2,4.545454545454546,6.0,5.0,22,0.1594202898550724,110,1.6176470588235294,random,,0.8823529411764706
629,hgf,63,68,102,38,20,0,10,0.7058823529411765,0.9117647058823528,0.8125,0.0375,5.0,6.0,5.0,22,0.1594202898550724,109,1.6029411764705883,random,,0.8529411764705882
630,hgf,96,68,103,39,13,0,16,0.6470588235294118,0.8887867647058824,0.0,0.3375,3.234567901234568,6.0,5.0,22,0.1594202898550724,105,1.5441176470588236,random,,0.7647058823529411
633,hgf,5,68,102,57,4,0,7,0.6985294117647058,0.9117647058823528,0.0,0.3,6.583333333333333,6.0,5.0,26,0.1884057971014492,97,1.4264705882352942,random,,0.8970588235294118
634,hgf,3,68,101,41,19,0,8,0.7647058823529411,0.8455882352941176,0.125,0.25,1.2857142857142858,6.0,5.0,25,0.181159420289855,102,1.5,random,,0.8823529411764706
637,hgf,78,68,103,50,10,0,8,0.7279411764705882,0.9117647058823528,0.5,0.1,13.166666666666666,6.0,5.0,21,0.1521739130434782,107,1.5735294117647058,random,,0.8823529411764706
638,hgf,94,68,103,51,5,0,12,0.7867647058823529,0.9117647058823528,0.5,0.1,25.0,6.0,5.0,23,0.1666666666666666,109,1.6029411764705883,random,,0.8235294117647058
639,hgf,77,68,103,58,6,1,3,0.7426470588235294,0.9003044577205882,0.0,0.2,1.0,6.0,5.0,20,0.144927536231884,110,1.6176470588235294,random,,0.9558823529411765
642,hgf,93,68,102,54,7,0,7,0.7536764705882353,0.8970588235294118,0.25,0.15,7.6,6.0,5.0,22,0.1594202898550724,102,1.5,random,,0.8970588235294118
645,hgf,56,68,102,60,5,0,3,0.7205882352941176,0.9117647058823528,0.0,0.2,1.0,6.0,5.0,21,0.1521739130434782,108,1.588235294117647,random,,0.9558823529411765
646,hgf,11,68,102,43,15,0,10,0.7230392156862746,0.8911850873161765,0.25,0.2,1.875,6.0,5.0,26,0.1884057971014492,108,1.588235294117647,random,,0.8529411764705882
647,hgf,92,68,101,49,6,0,13,0.7647058823529411,0.8972311580882353,0.25,0.2,3.9,6.0,5.0,23,0.1666666666666666,109,1.6029411764705883,random,,0.8088235294117647
652,hgf,90,68,102,57,5,0,6,0.7389705882352942,0.8907686121323529,0.0,0.2,11.0,6.0,5.0,29,0.2101449275362318,85,1.25,random,,0.9117647058823529
653,hgf,73,68,102,54,12,0,2,0.7352941176470589,0.9117647058823528,0.5,0.1,5.333333333333333,6.0,5.0,27,0.1956521739130435,88,1.2941176470588236,random,,0.9705882352941176
654,hgf,24,68,100,54,10,0,4,0.7132352941176471,0.9117647058823528,0.5,0.1,1.4,6.0,5.0,21,0.1521739130434782,112,1.6470588235294117,random,,0.9411764705882353
655,hgf,89,68,103,53,7,0,8,0.7647058823529411,0.9031192555147058,0.25,0.3,1.625,6.0,5.0,26,0.1884057971014492,101,1.4852941176470589,random,,0.8823529411764706
658,hgf,10,68,102,51,13,1,3,0.6617647058823529,0.88134765625,0.5,0.1,8.0,6.0,5.0,22,0.1594202898550724,105,1.5441176470588236,random,,0.9558823529411765
659,hgf,88,68,102,38,16,0,14,0.7254901960784313,0.9117647058823528,0.0625,0.425,6.444444444444445,6.0,5.0,24,0.1739130434782608,109,1.6029411764705883,random,,0.7941176470588236
664,hgf,55,68,103,58,4,0,6,0.7352941176470589,0.8843204273897058,0.5,0.1,11.6,6.0,5.0,25,0.181159420289855,50,0.7352941176470589,random,,0.9117647058823529
666,hgf,16,68,101,48,12,0,8,0.6617647058823529,0.8847799862132353,0.5,0.1,8.166666666666666,6.0,5.0,21,0.1521739130434782,103,1.5147058823529411,random,,0.8823529411764706
669,hgf,45,68,101,44,15,0,9,0.7205882352941176,0.9117647058823528,0.0,0.4,1.5,6.0,5.0,23,0.1666666666666666,106,1.5588235294117647,random,,0.8676470588235294
673,hgf,35,68,103,63,3,0,2,0.8125,0.8708926930147058,0.5,0.1,15.75,6.0,5.0,23,0.1666666666666666,102,1.5,random,,0.9705882352941176
676,hgf,29,68,102,62,3,0,3,0.7297794117647058,0.8837316176470589,0.5,0.1,2.333333333333333,6.0,5.0,25,0.181159420289855,98,1.4411764705882353,random,,0.9558823529411765
683,hgf,17,68,100,61,4,0,3,0.7022058823529411,0.8938419117647058,0.5,0.1,4.333333333333333,6.0,5.0,25,0.181159420289855,100,1.4705882352941178,random,,0.9558823529411765
685,hgf,32,68,102,52,9,0,7,0.7132352941176471,0.9117647058823528,0.125,0.25,14.3,6.0,5.0,19,0.1376811594202898,113,1.661764705882353,random,,0.8970588235294118
687,hgf,33,68,102,50,11,1,6,0.6911764705882353,0.8624052159926471,0.5,0.1,6.75,6.0,5.0,27,0.1956521739130435,101,1.4852941176470589,random,,0.9117647058823529
689,hgf,46,68,101,54,9,0,5,0.7689950980392157,0.9117647058823528,0.5,0.1,7.333333333333333,6.0,5.0,23,0.1666666666666666,109,1.6029411764705883,random,,0.9264705882352942
715,mammalian,78,20,48,9,6,0,5,0.4625,0.821484375,0.5,0.5,73.0,1.0,1.0,9,0.2142857142857142,20,1.0,random,,0.75
723,mammalian,53,20,46,15,1,0,4,0.6375,0.95,0.5,0.5,5.0,1.0,1.0,9,0.2142857142857142,31,1.55,random,,0.8
727,mammalian,51,20,50,6,7,2,5,0.75,0.83984375,0.5,0.5,32.0,1.0,1.0,14,0.3333333333333333,20,1.0,random,,0.75
730,mammalian,26,20,50,14,3,0,3,0.775,0.95,0.5,0.5,19.0,1.0,1.0,8,0.1904761904761904,34,1.7,random,,0.85
731,mammalian,74,20,44,10,7,0,3,0.6125,0.764111328125,0.5,0.5,18.0,1.0,1.0,6,0.1428571428571428,33,1.65,random,,0.85
733,mammalian,90,20,50,16,1,0,3,0.65,0.95,0.5,0.5,3.0,1.0,1.0,11,0.2619047619047619,22,1.1,random,,0.85
749,mammalian,24,20,47,11,6,0,3,0.775,0.949609375,0.5,0.5,9.0,1.0,1.0,11,0.2619047619047619,15,0.75,random,,0.85
751,mammalian,68,20,50,7,10,0,3,0.5833333333333333,0.864794921875,0.5,0.5,40.0,1.0,1.0,11,0.2619047619047619,28,1.4,random,,0.85
770,mammalian,45,20,49,11,6,0,3,0.4166666666666666,0.833056640625,0.5,0.5,22.0,1.0,1.0,10,0.238095238095238,16,0.8,random,,0.85
778,mammalian,44,20,48,13,5,0,2,0.371875,0.774658203125,0.5,0.5,4.0,1.0,1.0,8,0.1904761904761904,31,1.55,random,,0.9
801,mapk,8,53,103,45,4,0,4,0.6179245283018868,0.8667637087264151,0.0,0.5,75.0,4.0,3.0,22,0.2037037037037037,53,1.0,random,,0.9245283018867925
804,mapk,54,53,104,39,9,0,5,0.7122641509433962,0.9245283018867924,0.5,0.3333333333333333,55.375,4.0,3.0,20,0.1851851851851851,88,1.660377358490566,random,,0.9056603773584906
810,mapk,4,53,103,40,8,0,5,0.60062893081761,0.8632259728773585,0.5,0.1666666666666666,2.6666666666666665,4.0,3.0,22,0.2037037037037037,54,1.018867924528302,random,,0.9056603773584906
812,mapk,55,53,102,45,3,0,5,0.8018867924528302,0.9245283018867924,0.5,0.1666666666666666,25.0,4.0,3.0,22,0.2037037037037037,82,1.5471698113207548,random,,0.9056603773584906
817,mapk,0,53,100,39,7,0,7,0.6886792452830188,0.9105616155660378,0.5,0.1666666666666666,6.25,4.0,3.0,19,0.1759259259259259,86,1.6226415094339623,random,,0.8679245283018868
819,mapk,6,53,102,39,10,0,4,0.6933962264150944,0.9245283018867924,0.5,0.1666666666666666,8.75,4.0,3.0,22,0.2037037037037037,48,0.9056603773584906,random,,0.9245283018867925
823,mapk,47,53,104,43,5,0,5,0.6969339622641509,0.9245283018867924,0.25,0.25,2.5,4.0,3.0,25,0.2314814814814814,75,1.4150943396226414,random,,0.9056603773584906
824,mapk,92,53,101,34,15,2,2,0.6886792452830188,0.9245283018867924,0.5,0.1666666666666666,20.5,4.0,3.0,19,0.1759259259259259,88,1.660377358490566,random,,0.9622641509433962
833,mapk,12,53,104,43,8,0,2,0.6273584905660378,0.9103220813679244,0.5,0.1666666666666666,23.33333333333333,4.0,3.0,23,0.2129629629629629,80,1.509433962264151,random,,0.9622641509433962
838,mapk,72,53,101,24,16,4,9,0.6022012578616353,0.8300412735849056,0.25,0.3333333333333333,18.6,4.0,3.0,25,0.2314814814814814,71,1.339622641509434,random,,0.8301886792452831
840,mapk,88,53,102,42,5,0,6,0.6084905660377359,0.8304282134433962,0.0,0.5,31.625,4.0,3.0,23,0.2129629629629629,52,0.981132075471698,random,,0.8867924528301887
844,mapk,87,53,104,44,3,0,6,0.7452830188679245,0.8818543632075472,0.5,0.1666666666666666,54.5,4.0,3.0,22,0.2037037037037037,83,1.5660377358490567,random,,0.8867924528301887
845,mapk,30,53,102,46,4,0,3,0.7547169811320755,0.9056603773584906,0.5,0.1666666666666666,4.5,4.0,3.0,23,0.2129629629629629,77,1.4528301886792452,random,,0.9433962264150944
850,mapk,69,53,103,34,7,0,12,0.5990566037735849,0.9021963443396226,0.75,0.0833333333333333,7.0,4.0,3.0,24,0.2222222222222222,79,1.490566037735849,random,,0.7735849056603774
852,mapk,85,53,102,31,10,1,11,0.7264150943396226,0.8845813679245284,0.5,0.1666666666666666,42.25,4.0,3.0,21,0.1944444444444444,86,1.6226415094339623,random,,0.7924528301886793
853,mapk,68,53,102,31,10,0,12,0.7547169811320755,0.9245283018867924,0.5,0.3333333333333333,19.5,4.0,3.0,20,0.1851851851851851,80,1.509433962264151,random,,0.7735849056603774
863,mapk,32,53,104,44,6,0,3,0.6226415094339622,0.8619177476415094,0.5,0.1666666666666666,16.0,4.0,3.0,19,0.1759259259259259,84,1.5849056603773586,random,,0.9433962264150944
870,mapk,65,53,104,40,9,1,3,0.7617924528301887,0.9245283018867924,0.25,0.25,10.0,4.0,3.0,27,0.25,81,1.528301886792453,random,,0.9433962264150944
873,mapk,98,53,101,39,6,0,8,0.6509433962264151,0.7864091981132075,0.5,0.3333333333333333,4.375,4.0,3.0,20,0.1851851851851851,81,1.528301886792453,random,,0.8490566037735849
875,mapk,64,53,104,43,6,0,4,0.6009433962264151,0.8614202535377359,0.25,0.3333333333333333,33.2,4.0,3.0,22,0.2037037037037037,81,1.528301886792453,random,,0.9245283018867925
879,mapk,63,53,101,37,10,3,3,0.6698113207547169,0.9030807783018868,0.5,0.1666666666666666,13.666666666666666,4.0,3.0,22,0.2037037037037037,80,1.509433962264151,random,,0.9433962264150944
881,mapk,96,53,99,37,12,1,3,0.7641509433962265,0.9245283018867924,0.5,0.1666666666666666,25.75,4.0,3.0,23,0.2129629629629629,72,1.3584905660377358,random,,0.9433962264150944
882,mapk,79,53,104,37,10,2,4,0.6084905660377359,0.8343528891509434,0.5,0.1666666666666666,44.0,4.0,3.0,28,0.2592592592592592,53,1.0,random,,0.9245283018867925
885,mapk,29,53,103,36,10,1,6,0.7216981132075472,0.9084795106132076,0.0,0.3333333333333333,14.166666666666666,4.0,3.0,24,0.2222222222222222,83,1.5660377358490567,random,,0.8867924528301887
896,mapk,11,53,102,30,17,2,4,0.660377358490566,0.9245283018867924,0.5,0.1666666666666666,7.5,4.0,3.0,23,0.2129629629629629,77,1.4528301886792452,random,,0.9245283018867925
901,oxidative,6,19,30,9,3,0,7,0.6052631578947368,0.9095394736842104,0.5,0.5,8.0,1.0,1.0,7,0.175,27,1.4210526315789471,random,,0.631578947368421
905,oxidative,8,19,30,13,4,0,2,0.6710526315789473,0.9181229440789472,0.5,0.5,1.0,1.0,1.0,8,0.2,31,1.631578947368421,random,,0.8947368421052632
910,oxidative,5,19,28,16,1,0,2,0.7894736842105263,0.9473684210526316,0.0,1.0,1.0,1.0,1.0,5,0.125,32,1.6842105263157894,random,,0.8947368421052632
922,oxidative,79,19,30,14,2,0,3,0.8421052631578947,0.8714535361842105,0.5,0.5,1.0,1.0,1.0,8,0.2,20,1.0526315789473684,random,,0.8421052631578947
924,oxidative,95,19,30,11,5,0,3,0.75,0.9473684210526316,0.5,0.5,2.0,1.0,1.0,7,0.175,34,1.7894736842105263,random,,0.8421052631578947
932,oxidative,44,19,28,12,2,0,5,0.7368421052631579,0.8983861019736842,0.5,0.5,5.0,1.0,1.0,6,0.15,11,0.5789473684210527,random,,0.736842105263158
958,oxidative,32,19,29,12,4,0,3,0.7368421052631579,0.8947368421052632,0.5,0.5,1.0,1.0,1.0,8,0.2,28,1.4736842105263157,random,,0.8421052631578947
962,oxidative,3,19,30,10,6,0,3,0.6842105263157895,0.9473684210526316,0.5,0.5,2.0,1.0,1.0,7,0.175,32,1.6842105263157894,random,,0.8421052631578947
969,oxidative,70,19,29,12,1,0,6,0.8026315789473685,0.9473684210526316,0.5,0.5,6.0,1.0,1.0,4,0.1,36,1.894736842105263,random,,0.6842105263157895
