,model,network_idx,num_wccs,norm_num_wccs,len_largest_wcc,norm_len_largest_wcc
0,bortezomib,99,27,0.19852941176470587,39,0.582089552238806
1,bortezomib,74,25,0.18382352941176472,93,1.3880597014925373
2,bortezomib,33,32,0.23529411764705882,88,1.3134328358208955
3,bortezomib,5,29,0.21323529411764705,99,1.4776119402985075
4,bortezomib,94,26,0.19117647058823528,103,1.537313432835821
5,bortezomib,86,27,0.19852941176470587,99,1.4776119402985075
6,bortezomib,92,21,0.15441176470588236,102,1.5223880597014925
7,bortezomib,54,26,0.19117647058823528,97,1.4477611940298507
8,bortezomib,85,26,0.19117647058823528,76,1.1343283582089552
9,bortezomib,73,24,0.17647058823529413,97,1.4477611940298507
10,bortezomib,26,28,0.20588235294117646,88,1.3134328358208955
11,bortezomib,28,28,0.20588235294117646,94,1.4029850746268657
12,bortezomib,36,27,0.19852941176470587,97,1.4477611940298507
13,bortezomib,77,25,0.18382352941176472,97,1.4477611940298507
14,bortezomib,95,24,0.17647058823529413,100,1.492537313432836
15,bortezomib,32,30,0.22058823529411764,79,1.1791044776119404
16,bortezomib,69,26,0.19117647058823528,100,1.492537313432836
17,bortezomib,48,27,0.19852941176470587,95,1.4179104477611941
18,bortezomib,29,28,0.20588235294117646,96,1.4328358208955223
19,bortezomib,31,28,0.20588235294117646,93,1.3880597014925373
20,bortezomib,96,26,0.19117647058823528,94,1.4029850746268657
21,bortezomib,70,26,0.19117647058823528,103,1.537313432835821
22,bortezomib,35,28,0.20588235294117646,92,1.373134328358209
23,bortezomib,97,24,0.17647058823529413,104,1.5522388059701493
24,bortezomib,50,27,0.19852941176470587,97,1.4477611940298507
25,bortezomib,93,31,0.22794117647058823,56,0.835820895522388
26,bortezomib,71,27,0.19852941176470587,92,1.373134328358209
27,bortezomib,49,23,0.16911764705882354,49,0.7313432835820896
28,bortezomib,3,25,0.18382352941176472,91,1.3582089552238805
29,bortezomib,60,28,0.20588235294117646,87,1.2985074626865671
30,bortezomib,72,25,0.18382352941176472,105,1.5671641791044777
31,bortezomib,62,29,0.21323529411764705,94,1.4029850746268657
32,bortezomib,76,27,0.19852941176470587,100,1.492537313432836
33,bortezomib,37,27,0.19852941176470587,100,1.492537313432836
34,bortezomib,59,28,0.20588235294117646,89,1.328358208955224
35,bortezomib,57,27,0.19852941176470587,93,1.3880597014925373
36,bortezomib,46,27,0.19852941176470587,91,1.3582089552238805
37,bortezomib,44,23,0.16911764705882354,103,1.537313432835821
38,bortezomib,53,23,0.16911764705882354,103,1.537313432835821
39,bortezomib,27,26,0.19117647058823528,102,1.5223880597014925
40,bortezomib,38,26,0.19117647058823528,97,1.4477611940298507
41,bortezomib,34,30,0.22058823529411764,78,1.164179104477612
42,bortezomib,98,28,0.20588235294117646,79,1.1791044776119404
43,bortezomib,81,27,0.19852941176470587,101,1.507462686567164
44,bortezomib,82,22,0.16176470588235295,103,1.537313432835821
45,bortezomib,45,28,0.20588235294117646,53,0.7910447761194029
46,bortezomib,51,27,0.19852941176470587,93,1.3880597014925373
47,bortezomib,41,29,0.21323529411764705,68,1.0149253731343284
48,bortezomib,30,29,0.21323529411764705,79,1.1791044776119404
49,bortezomib,89,27,0.19852941176470587,96,1.4328358208955223
50,bortezomib,52,25,0.18382352941176472,95,1.4179104477611941
51,bortezomib,7,28,0.20588235294117646,67,1.0
52,bortezomib,88,28,0.20588235294117646,91,1.3582089552238805
53,bortezomib,23,31,0.22794117647058823,97,1.4477611940298507
54,bortezomib,55,24,0.17647058823529413,103,1.537313432835821
55,bortezomib,8,27,0.19852941176470587,83,1.2388059701492538
56,bortezomib,78,27,0.19852941176470587,106,1.5820895522388059
57,bortezomib,14,27,0.19852941176470587,60,0.8955223880597015
58,bortezomib,22,29,0.21323529411764705,101,1.507462686567164
59,bortezomib,61,30,0.22058823529411764,97,1.4477611940298507
60,bortezomib,25,22,0.16176470588235295,104,1.5522388059701493
61,bortezomib,90,31,0.22794117647058823,93,1.3880597014925373
62,bortezomib,4,23,0.16911764705882354,103,1.537313432835821
63,bortezomib,47,29,0.21323529411764705,65,0.9701492537313433
64,bortezomib,21,28,0.20588235294117646,94,1.4029850746268657
65,bortezomib,6,24,0.17647058823529413,99,1.4776119402985075
66,bortezomib,15,23,0.16911764705882354,108,1.6119402985074627
67,bortezomib,2,26,0.19117647058823528,75,1.1194029850746268
68,bortezomib,24,25,0.18382352941176472,57,0.8507462686567164
69,bortezomib,1,26,0.19117647058823528,103,1.537313432835821
70,bortezomib,80,28,0.20588235294117646,90,1.3432835820895523
71,bortezomib,39,25,0.18382352941176472,86,1.2835820895522387
72,bortezomib,9,27,0.19852941176470587,83,1.2388059701492538
73,bortezomib,40,23,0.16911764705882354,100,1.492537313432836
74,bortezomib,18,29,0.21323529411764705,103,1.537313432835821
75,bortezomib,56,25,0.18382352941176472,92,1.373134328358209
76,bortezomib,42,24,0.17647058823529413,106,1.5820895522388059
77,bortezomib,20,26,0.19117647058823528,97,1.4477611940298507
78,bortezomib,17,32,0.23529411764705882,88,1.3134328358208955
79,bortezomib,65,26,0.19117647058823528,96,1.4328358208955223
80,bortezomib,43,28,0.20588235294117646,96,1.4328358208955223
81,bortezomib,58,25,0.18382352941176472,104,1.5522388059701493
82,bortezomib,75,28,0.20588235294117646,99,1.4776119402985075
83,bortezomib,83,24,0.17647058823529413,100,1.492537313432836
84,bortezomib,11,24,0.17647058823529413,90,1.3432835820895523
85,bortezomib,87,27,0.19852941176470587,94,1.4029850746268657
86,bortezomib,79,26,0.19117647058823528,100,1.492537313432836
87,bortezomib,68,25,0.18382352941176472,91,1.3582089552238805
88,bortezomib,67,25,0.18382352941176472,62,0.9253731343283582
89,bortezomib,91,21,0.15441176470588236,93,1.3880597014925373
90,bortezomib,66,27,0.19852941176470587,97,1.4477611940298507
91,bortezomib,0,26,0.19117647058823528,101,1.507462686567164
92,bortezomib,12,24,0.17647058823529413,100,1.492537313432836
93,bortezomib,84,28,0.20588235294117646,97,1.4477611940298507
94,bortezomib,10,25,0.18382352941176472,97,1.4477611940298507
95,bortezomib,19,28,0.20588235294117646,103,1.537313432835821
96,bortezomib,16,26,0.19117647058823528,91,1.3582089552238805
97,bortezomib,64,29,0.21323529411764705,86,1.2835820895522387
98,bortezomib,63,26,0.19117647058823528,91,1.3582089552238805
99,bortezomib,13,26,0.19117647058823528,89,1.328358208955224
100,apoptosis,83,16,0.19047619047619047,60,1.4634146341463414
101,apoptosis,81,14,0.16666666666666666,67,1.6341463414634145
102,apoptosis,12,15,0.17857142857142858,40,0.975609756097561
103,apoptosis,52,13,0.15476190476190477,61,1.4878048780487805
104,apoptosis,14,13,0.15476190476190477,70,1.7073170731707317
105,apoptosis,76,14,0.16666666666666666,68,1.6585365853658536
106,apoptosis,21,12,0.14285714285714285,70,1.7073170731707317
107,apoptosis,7,13,0.15476190476190477,58,1.4146341463414633
108,apoptosis,50,13,0.15476190476190477,66,1.6097560975609757
109,apoptosis,22,17,0.20238095238095238,63,1.5365853658536586
110,apoptosis,11,16,0.19047619047619047,65,1.5853658536585367
111,apoptosis,72,16,0.19047619047619047,59,1.4390243902439024
112,apoptosis,56,13,0.15476190476190477,67,1.6341463414634145
113,apoptosis,24,13,0.15476190476190477,48,1.170731707317073
114,apoptosis,37,12,0.14285714285714285,67,1.6341463414634145
115,apoptosis,98,11,0.13095238095238096,72,1.7560975609756098
116,apoptosis,23,14,0.16666666666666666,32,0.7804878048780488
117,apoptosis,17,13,0.15476190476190477,67,1.6341463414634145
118,apoptosis,82,16,0.19047619047619047,62,1.5121951219512195
119,apoptosis,42,11,0.13095238095238096,71,1.7317073170731707
120,apoptosis,20,13,0.15476190476190477,50,1.2195121951219512
121,apoptosis,78,13,0.15476190476190477,64,1.5609756097560976
122,apoptosis,45,16,0.19047619047619047,63,1.5365853658536586
123,apoptosis,25,13,0.15476190476190477,61,1.4878048780487805
124,apoptosis,80,16,0.19047619047619047,65,1.5853658536585367
125,apoptosis,18,12,0.14285714285714285,64,1.5609756097560976
126,apoptosis,0,10,0.11904761904761904,68,1.6585365853658536
127,apoptosis,28,15,0.17857142857142858,56,1.3658536585365855
128,apoptosis,16,12,0.14285714285714285,71,1.7317073170731707
129,apoptosis,44,17,0.20238095238095238,53,1.2926829268292683
130,apoptosis,15,14,0.16666666666666666,57,1.3902439024390243
131,apoptosis,51,11,0.13095238095238096,70,1.7073170731707317
132,apoptosis,74,13,0.15476190476190477,69,1.6829268292682926
133,apoptosis,73,12,0.14285714285714285,56,1.3658536585365855
134,apoptosis,43,14,0.16666666666666666,68,1.6585365853658536
135,apoptosis,6,17,0.20238095238095238,64,1.5609756097560976
136,apoptosis,26,14,0.16666666666666666,65,1.5853658536585367
137,apoptosis,19,14,0.16666666666666666,63,1.5365853658536586
138,apoptosis,33,17,0.20238095238095238,60,1.4634146341463414
139,apoptosis,5,14,0.16666666666666666,65,1.5853658536585367
140,apoptosis,97,14,0.16666666666666666,67,1.6341463414634145
141,apoptosis,94,13,0.15476190476190477,64,1.5609756097560976
142,apoptosis,77,11,0.13095238095238096,71,1.7317073170731707
143,apoptosis,39,13,0.15476190476190477,55,1.3414634146341464
144,apoptosis,8,12,0.14285714285714285,69,1.6829268292682926
145,apoptosis,41,10,0.11904761904761904,69,1.6829268292682926
146,apoptosis,54,15,0.17857142857142858,66,1.6097560975609757
147,apoptosis,34,12,0.14285714285714285,69,1.6829268292682926
148,apoptosis,4,13,0.15476190476190477,55,1.3414634146341464
149,apoptosis,95,11,0.13095238095238096,68,1.6585365853658536
150,apoptosis,99,17,0.20238095238095238,62,1.5121951219512195
151,apoptosis,32,16,0.19047619047619047,61,1.4878048780487805
152,apoptosis,58,16,0.19047619047619047,62,1.5121951219512195
153,apoptosis,36,14,0.16666666666666666,50,1.2195121951219512
154,apoptosis,27,13,0.15476190476190477,63,1.5365853658536586
155,apoptosis,96,14,0.16666666666666666,66,1.6097560975609757
156,apoptosis,47,15,0.17857142857142858,63,1.5365853658536586
157,apoptosis,79,17,0.20238095238095238,27,0.6585365853658537
158,apoptosis,9,14,0.16666666666666666,66,1.6097560975609757
159,apoptosis,57,11,0.13095238095238096,70,1.7073170731707317
160,apoptosis,31,12,0.14285714285714285,62,1.5121951219512195
161,apoptosis,48,13,0.15476190476190477,70,1.7073170731707317
162,apoptosis,13,14,0.16666666666666666,66,1.6097560975609757
163,apoptosis,46,11,0.13095238095238096,71,1.7317073170731707
164,apoptosis,29,12,0.14285714285714285,62,1.5121951219512195
165,apoptosis,49,13,0.15476190476190477,65,1.5853658536585367
166,apoptosis,38,16,0.19047619047619047,56,1.3658536585365855
167,apoptosis,55,14,0.16666666666666666,48,1.170731707317073
168,apoptosis,75,14,0.16666666666666666,67,1.6341463414634145
169,apoptosis,40,11,0.13095238095238096,62,1.5121951219512195
170,apoptosis,30,13,0.15476190476190477,35,0.8536585365853658
171,apoptosis,84,15,0.17857142857142858,33,0.8048780487804879
172,apoptosis,53,14,0.16666666666666666,65,1.5853658536585367
173,apoptosis,35,14,0.16666666666666666,66,1.6097560975609757
174,apoptosis,10,14,0.16666666666666666,67,1.6341463414634145
175,apoptosis,88,15,0.17857142857142858,58,1.4146341463414633
176,apoptosis,59,14,0.16666666666666666,66,1.6097560975609757
177,apoptosis,92,15,0.17857142857142858,62,1.5121951219512195
178,apoptosis,66,14,0.16666666666666666,68,1.6585365853658536
179,apoptosis,90,13,0.15476190476190477,59,1.4390243902439024
180,apoptosis,86,13,0.15476190476190477,67,1.6341463414634145
181,apoptosis,1,14,0.16666666666666666,64,1.5609756097560976
182,apoptosis,2,19,0.2261904761904762,50,1.2195121951219512
183,apoptosis,63,13,0.15476190476190477,70,1.7073170731707317
184,apoptosis,85,12,0.14285714285714285,70,1.7073170731707317
185,apoptosis,68,15,0.17857142857142858,35,0.8536585365853658
186,apoptosis,91,12,0.14285714285714285,63,1.5365853658536586
187,apoptosis,67,13,0.15476190476190477,68,1.6585365853658536
188,apoptosis,70,12,0.14285714285714285,61,1.4878048780487805
189,apoptosis,87,13,0.15476190476190477,71,1.7317073170731707
190,apoptosis,71,10,0.11904761904761904,72,1.7560975609756098
191,apoptosis,69,17,0.20238095238095238,55,1.3414634146341464
192,apoptosis,64,13,0.15476190476190477,66,1.6097560975609757
193,apoptosis,61,12,0.14285714285714285,70,1.7073170731707317
194,apoptosis,65,16,0.19047619047619047,60,1.4634146341463414
195,apoptosis,89,14,0.16666666666666666,64,1.5609756097560976
196,apoptosis,93,15,0.17857142857142858,66,1.6097560975609757
197,apoptosis,3,16,0.19047619047619047,59,1.4390243902439024
198,apoptosis,62,13,0.15476190476190477,67,1.6341463414634145
199,apoptosis,60,16,0.19047619047619047,57,1.3902439024390243
200,bt474_short,45,15,0.4411764705882353,16,1.0
201,bt474_short,43,17,0.5,7,0.4375
202,bt474_short,78,11,0.34375,13,0.8125
203,bt474_short,80,15,0.4411764705882353,10,0.625
204,bt474_short,17,16,0.47058823529411764,8,0.5
205,bt474_short,59,12,0.35294117647058826,12,0.75
206,bt474_short,20,11,0.34375,19,1.1875
207,bt474_short,85,14,0.4117647058823529,16,1.0
208,bt474_short,83,16,0.47058823529411764,14,0.875
209,bt474_short,6,15,0.4411764705882353,18,1.125
210,bt474_short,16,16,0.5,13,0.8125
211,bt474_short,82,15,0.4411764705882353,11,0.6875
212,bt474_short,1,14,0.4117647058823529,10,0.625
213,bt474_short,76,15,0.4411764705882353,17,1.0625
214,bt474_short,84,17,0.5,13,0.8125
215,bt474_short,62,14,0.4117647058823529,11,0.6875
216,bt474_short,9,17,0.5,12,0.75
217,bt474_short,22,14,0.4117647058823529,14,0.875
218,bt474_short,23,13,0.40625,17,1.0625
219,bt474_short,10,15,0.4411764705882353,11,0.6875
220,bt474_short,18,15,0.46875,9,0.5625
221,bt474_short,81,18,0.5294117647058824,8,0.5
222,bt474_short,2,15,0.4411764705882353,15,0.9375
223,bt474_short,21,18,0.5294117647058824,6,0.375
224,bt474_short,3,12,0.375,16,1.0
225,bt474_short,75,19,0.5588235294117647,6,0.375
226,bt474_short,61,13,0.40625,20,1.25
227,bt474_short,4,16,0.47058823529411764,5,0.3125
228,bt474_short,0,16,0.47058823529411764,6,0.375
229,bt474_short,58,15,0.4411764705882353,17,1.0625
230,bt474_short,19,16,0.5,7,0.4375
231,bt474_short,7,21,0.6176470588235294,9,0.5625
232,bt474_short,24,12,0.35294117647058826,16,1.0
233,bt474_short,12,17,0.5,5,0.3125
234,bt474_short,77,15,0.4411764705882353,16,1.0
235,bt474_short,8,13,0.38235294117647056,20,1.25
236,bt474_short,60,15,0.4411764705882353,19,1.1875
237,bt474_short,79,14,0.4117647058823529,9,0.5625
238,bt474_short,14,15,0.4411764705882353,9,0.5625
239,bt474_short,57,16,0.47058823529411764,10,0.625
240,bt474_short,34,10,0.29411764705882354,18,1.125
241,bt474_short,87,13,0.40625,19,1.1875
242,bt474_short,26,16,0.47058823529411764,7,0.4375
243,bt474_short,5,15,0.4411764705882353,10,0.625
244,bt474_short,74,16,0.47058823529411764,7,0.4375
245,bt474_short,90,13,0.38235294117647056,14,0.875
246,bt474_short,65,18,0.5294117647058824,10,0.625
247,bt474_short,70,12,0.375,13,0.8125
248,bt474_short,88,15,0.46875,11,0.6875
249,bt474_short,55,13,0.38235294117647056,8,0.5
250,bt474_short,98,16,0.47058823529411764,14,0.875
251,bt474_short,67,12,0.35294117647058826,22,1.375
252,bt474_short,63,14,0.4375,10,0.625
253,bt474_short,56,16,0.47058823529411764,15,0.9375
254,bt474_short,41,16,0.47058823529411764,8,0.5
255,bt474_short,95,15,0.4411764705882353,7,0.4375
256,bt474_short,39,12,0.375,14,0.875
257,bt474_short,89,17,0.5,8,0.5
258,bt474_short,27,13,0.38235294117647056,11,0.6875
259,bt474_short,52,17,0.5,10,0.625
260,bt474_short,38,16,0.47058823529411764,12,0.75
261,bt474_short,99,16,0.47058823529411764,7,0.4375
262,bt474_short,33,15,0.4411764705882353,7,0.4375
263,bt474_short,44,19,0.5588235294117647,5,0.3125
264,bt474_short,48,14,0.4375,10,0.625
265,bt474_short,29,18,0.5294117647058824,12,0.75
266,bt474_short,72,13,0.38235294117647056,16,1.0
267,bt474_short,42,17,0.5,7,0.4375
268,bt474_short,31,15,0.4411764705882353,14,0.875
269,bt474_short,11,10,0.3125,12,0.75
270,bt474_short,37,18,0.5294117647058824,5,0.3125
271,bt474_short,47,15,0.46875,11,0.6875
272,bt474_short,92,13,0.38235294117647056,9,0.5625
273,bt474_short,73,12,0.375,11,0.6875
274,bt474_short,71,19,0.5588235294117647,7,0.4375
275,bt474_short,40,17,0.53125,14,0.875
276,bt474_short,15,15,0.46875,8,0.5
277,bt474_short,93,16,0.47058823529411764,8,0.5
278,bt474_short,51,15,0.4411764705882353,11,0.6875
279,bt474_short,94,15,0.46875,7,0.4375
280,bt474_short,36,19,0.5588235294117647,5,0.3125
281,bt474_short,32,15,0.4411764705882353,14,0.875
282,bt474_short,28,16,0.47058823529411764,9,0.5625
283,bt474_short,13,15,0.4411764705882353,12,0.75
284,bt474_short,69,20,0.5882352941176471,6,0.375
285,bt474_short,66,13,0.38235294117647056,17,1.0625
286,bt474_short,49,15,0.4411764705882353,8,0.5
287,bt474_short,25,17,0.5,12,0.75
288,bt474_short,53,14,0.4117647058823529,13,0.8125
289,bt474_short,35,17,0.5,7,0.4375
290,bt474_short,68,16,0.47058823529411764,10,0.625
291,bt474_short,54,19,0.5588235294117647,6,0.375
292,bt474_short,86,14,0.4117647058823529,16,1.0
293,bt474_short,96,15,0.46875,5,0.3125
294,bt474_short,30,17,0.5,8,0.5
295,bt474_short,50,17,0.5,9,0.5625
296,bt474_short,91,15,0.4411764705882353,9,0.5625
297,bt474_short,97,11,0.34375,21,1.3125
298,bt474_short,64,21,0.6176470588235294,4,0.25
299,bt474_short,46,15,0.4411764705882353,6,0.375
300,colitis,78,25,0.176056338028169,103,1.4714285714285715
301,colitis,42,26,0.18309859154929578,107,1.5285714285714285
302,colitis,41,24,0.16901408450704225,113,1.6142857142857143
303,colitis,80,25,0.176056338028169,106,1.5142857142857142
304,colitis,67,23,0.1619718309859155,110,1.5714285714285714
305,colitis,47,23,0.1619718309859155,107,1.5285714285714285
306,colitis,45,26,0.18309859154929578,107,1.5285714285714285
307,colitis,38,28,0.19718309859154928,109,1.5571428571428572
308,colitis,28,24,0.16901408450704225,107,1.5285714285714285
309,colitis,26,21,0.14788732394366197,120,1.7142857142857142
310,colitis,18,24,0.16901408450704225,110,1.5714285714285714
311,colitis,73,22,0.15492957746478872,116,1.6571428571428573
312,colitis,16,25,0.176056338028169,106,1.5142857142857142
313,colitis,24,27,0.19014084507042253,106,1.5142857142857142
314,colitis,33,30,0.2112676056338028,109,1.5571428571428572
315,colitis,37,18,0.1267605633802817,120,1.7142857142857142
316,colitis,35,25,0.176056338028169,104,1.4857142857142858
317,colitis,68,24,0.16901408450704225,110,1.5714285714285714
318,colitis,1,25,0.176056338028169,109,1.5571428571428572
319,colitis,32,25,0.176056338028169,115,1.6428571428571428
320,colitis,21,23,0.1619718309859155,115,1.6428571428571428
321,colitis,71,22,0.15492957746478872,115,1.6428571428571428
322,colitis,30,28,0.19718309859154928,112,1.6
323,colitis,81,24,0.16901408450704225,116,1.6571428571428573
324,colitis,25,27,0.19014084507042253,102,1.457142857142857
325,colitis,70,24,0.16901408450704225,105,1.5
326,colitis,2,23,0.1619718309859155,105,1.5
327,colitis,20,26,0.18309859154929578,108,1.542857142857143
328,colitis,17,26,0.18309859154929578,112,1.6
329,colitis,44,22,0.15492957746478872,104,1.4857142857142858
330,colitis,14,25,0.176056338028169,113,1.6142857142857143
331,colitis,23,27,0.19014084507042253,111,1.5857142857142856
332,colitis,39,25,0.176056338028169,110,1.5714285714285714
333,colitis,79,28,0.19718309859154928,105,1.5
334,colitis,3,25,0.176056338028169,108,1.542857142857143
335,colitis,72,26,0.18309859154929578,108,1.542857142857143
336,colitis,46,24,0.16901408450704225,112,1.6
337,colitis,19,20,0.14084507042253522,109,1.5571428571428572
338,colitis,69,33,0.2323943661971831,99,1.4142857142857144
339,colitis,22,22,0.15492957746478872,114,1.6285714285714286
340,colitis,15,26,0.18309859154929578,113,1.6142857142857143
341,colitis,76,26,0.18309859154929578,112,1.6
342,colitis,43,18,0.1267605633802817,124,1.7714285714285714
343,colitis,75,22,0.15492957746478872,114,1.6285714285714286
344,colitis,29,26,0.18309859154929578,112,1.6
345,colitis,13,19,0.13380281690140844,115,1.6428571428571428
346,colitis,12,22,0.15492957746478872,115,1.6428571428571428
347,colitis,27,25,0.176056338028169,116,1.6571428571428573
348,colitis,36,24,0.16901408450704225,115,1.6428571428571428
349,colitis,77,24,0.16901408450704225,115,1.6428571428571428
350,colitis,34,31,0.21830985915492956,99,1.4142857142857144
351,colitis,74,27,0.19014084507042253,105,1.5
352,colitis,31,26,0.18309859154929578,109,1.5571428571428572
353,colitis,49,29,0.20422535211267606,106,1.5142857142857142
354,colitis,5,21,0.14788732394366197,105,1.5
355,colitis,57,24,0.16901408450704225,114,1.6285714285714286
356,colitis,53,23,0.1619718309859155,107,1.5285714285714285
357,colitis,50,26,0.18309859154929578,115,1.6428571428571428
358,colitis,98,26,0.18309859154929578,112,1.6
359,colitis,92,19,0.13380281690140844,122,1.7428571428571429
360,colitis,88,26,0.18309859154929578,110,1.5714285714285714
361,colitis,6,23,0.1619718309859155,111,1.5857142857142856
362,colitis,83,27,0.19014084507042253,112,1.6
363,colitis,55,24,0.16901408450704225,112,1.6
364,colitis,84,30,0.2112676056338028,101,1.4428571428571428
365,colitis,90,24,0.16901408450704225,114,1.6285714285714286
366,colitis,99,23,0.1619718309859155,106,1.5142857142857142
367,colitis,7,26,0.18309859154929578,98,1.4
368,colitis,94,24,0.16901408450704225,108,1.542857142857143
369,colitis,58,25,0.176056338028169,109,1.5571428571428572
370,colitis,87,27,0.19014084507042253,111,1.5857142857142856
371,colitis,52,27,0.19014084507042253,107,1.5285714285714285
372,colitis,91,26,0.18309859154929578,114,1.6285714285714286
373,colitis,61,29,0.20422535211267606,106,1.5142857142857142
374,colitis,86,26,0.18309859154929578,110,1.5714285714285714
375,colitis,56,25,0.176056338028169,110,1.5714285714285714
376,colitis,51,25,0.176056338028169,99,1.4142857142857144
377,colitis,62,24,0.16901408450704225,114,1.6285714285714286
378,colitis,93,26,0.18309859154929578,103,1.4714285714285715
379,colitis,65,26,0.18309859154929578,108,1.542857142857143
380,colitis,97,25,0.176056338028169,108,1.542857142857143
381,colitis,60,32,0.22535211267605634,106,1.5142857142857142
382,colitis,82,24,0.16901408450704225,114,1.6285714285714286
383,colitis,59,25,0.176056338028169,106,1.5142857142857142
384,colitis,63,26,0.18309859154929578,108,1.542857142857143
385,colitis,8,26,0.18309859154929578,108,1.542857142857143
386,colitis,64,26,0.18309859154929578,102,1.457142857142857
387,colitis,0,30,0.2112676056338028,106,1.5142857142857142
388,colitis,95,27,0.19014084507042253,107,1.5285714285714285
389,colitis,89,26,0.18309859154929578,110,1.5714285714285714
390,colitis,85,27,0.19014084507042253,111,1.5857142857142856
391,colitis,66,23,0.1619718309859155,111,1.5857142857142856
392,colitis,10,28,0.19718309859154928,98,1.4
393,colitis,54,21,0.14788732394366197,112,1.6
394,colitis,48,27,0.19014084507042253,111,1.5857142857142856
395,colitis,96,28,0.19718309859154928,103,1.4714285714285715
396,colitis,9,27,0.19014084507042253,105,1.5
397,colitis,40,22,0.15492957746478872,113,1.6142857142857143
398,colitis,4,27,0.19014084507042253,112,1.6
399,colitis,11,24,0.16901408450704225,107,1.5285714285714285
400,death,94,14,0.2413793103448276,40,1.4285714285714286
401,death,92,12,0.20689655172413793,29,1.0357142857142858
402,death,93,12,0.20689655172413793,45,1.6071428571428572
403,death,85,13,0.22413793103448276,45,1.6071428571428572
404,death,46,11,0.1896551724137931,38,1.3571428571428572
405,death,86,12,0.20689655172413793,41,1.4642857142857142
406,death,58,12,0.20689655172413793,32,1.1428571428571428
407,death,45,11,0.1896551724137931,44,1.5714285714285714
408,death,80,13,0.22413793103448276,39,1.3928571428571428
409,death,47,11,0.1896551724137931,45,1.6071428571428572
410,death,54,9,0.15517241379310345,48,1.7142857142857142
411,death,84,10,0.1724137931034483,44,1.5714285714285714
412,death,2,11,0.1896551724137931,43,1.5357142857142858
413,death,11,11,0.1896551724137931,31,1.1071428571428572
414,death,81,9,0.15517241379310345,25,0.8928571428571429
415,death,16,10,0.1724137931034483,40,1.4285714285714286
416,death,43,10,0.1724137931034483,40,1.4285714285714286
417,death,71,11,0.1896551724137931,42,1.5
418,death,91,12,0.20689655172413793,43,1.5357142857142858
419,death,52,9,0.15517241379310345,48,1.7142857142857142
420,death,13,13,0.22413793103448276,43,1.5357142857142858
421,death,3,12,0.20689655172413793,38,1.3571428571428572
422,death,74,10,0.1724137931034483,22,0.7857142857142857
423,death,78,12,0.20689655172413793,46,1.6428571428571428
424,death,83,11,0.1896551724137931,18,0.6428571428571429
425,death,73,13,0.22413793103448276,41,1.4642857142857142
426,death,56,10,0.1724137931034483,44,1.5714285714285714
427,death,14,12,0.20689655172413793,42,1.5
428,death,90,11,0.1896551724137931,37,1.3214285714285714
429,death,72,12,0.20689655172413793,31,1.1071428571428572
430,death,75,14,0.2413793103448276,40,1.4285714285714286
431,death,51,14,0.2413793103448276,38,1.3571428571428572
432,death,55,13,0.22413793103448276,41,1.4642857142857142
433,death,12,10,0.1724137931034483,43,1.5357142857142858
434,death,89,9,0.15517241379310345,48,1.7142857142857142
435,death,53,11,0.1896551724137931,46,1.6428571428571428
436,death,42,9,0.15517241379310345,48,1.7142857142857142
437,death,88,15,0.25862068965517243,20,0.7142857142857143
438,death,48,14,0.2413793103448276,22,0.7857142857142857
439,death,76,13,0.22413793103448276,24,0.8571428571428571
440,death,15,10,0.1724137931034483,39,1.3928571428571428
441,death,44,11,0.1896551724137931,30,1.0714285714285714
442,death,17,12,0.20689655172413793,36,1.2857142857142858
443,death,87,11,0.1896551724137931,46,1.6428571428571428
444,death,82,11,0.1896551724137931,44,1.5714285714285714
445,death,1,10,0.1724137931034483,45,1.6071428571428572
446,death,77,10,0.1724137931034483,42,1.5
447,death,40,12,0.20689655172413793,31,1.1071428571428572
448,death,24,12,0.20689655172413793,40,1.4285714285714286
449,death,59,14,0.2413793103448276,39,1.3928571428571428
450,death,98,11,0.1896551724137931,45,1.6071428571428572
451,death,67,10,0.1724137931034483,31,1.1071428571428572
452,death,61,12,0.20689655172413793,17,0.6071428571428571
453,death,36,11,0.1896551724137931,22,0.7857142857142857
454,death,65,10,0.1724137931034483,45,1.6071428571428572
455,death,19,10,0.1724137931034483,44,1.5714285714285714
456,death,20,14,0.2413793103448276,44,1.5714285714285714
457,death,31,9,0.15517241379310345,45,1.6071428571428572
458,death,22,11,0.1896551724137931,45,1.6071428571428572
459,death,96,12,0.20689655172413793,28,1.0
460,death,0,13,0.22413793103448276,37,1.3214285714285714
461,death,27,10,0.1724137931034483,45,1.6071428571428572
462,death,95,12,0.20689655172413793,42,1.5
463,death,50,11,0.1896551724137931,48,1.7142857142857142
464,death,28,14,0.2413793103448276,36,1.2857142857142858
465,death,32,8,0.13793103448275862,48,1.7142857142857142
466,death,4,13,0.22413793103448276,29,1.0357142857142858
467,death,37,11,0.1896551724137931,20,0.7142857142857143
468,death,8,13,0.22413793103448276,30,1.0714285714285714
469,death,41,11,0.1896551724137931,46,1.6428571428571428
470,death,35,8,0.13793103448275862,41,1.4642857142857142
471,death,70,12,0.20689655172413793,40,1.4285714285714286
472,death,7,11,0.1896551724137931,22,0.7857142857142857
473,death,30,9,0.15517241379310345,25,0.8928571428571429
474,death,26,11,0.1896551724137931,38,1.3571428571428572
475,death,79,14,0.2413793103448276,37,1.3214285714285714
476,death,69,12,0.20689655172413793,28,1.0
477,death,38,13,0.22413793103448276,20,0.7142857142857143
478,death,5,13,0.22413793103448276,33,1.1785714285714286
479,death,39,12,0.20689655172413793,19,0.6785714285714286
480,death,34,12,0.20689655172413793,34,1.2142857142857142
481,death,99,10,0.1724137931034483,21,0.75
482,death,6,13,0.22413793103448276,42,1.5
483,death,68,13,0.22413793103448276,32,1.1428571428571428
484,death,63,12,0.20689655172413793,47,1.6785714285714286
485,death,64,14,0.2413793103448276,43,1.5357142857142858
486,death,49,12,0.20689655172413793,31,1.1071428571428572
487,death,97,10,0.1724137931034483,49,1.75
488,death,66,12,0.20689655172413793,43,1.5357142857142858
489,death,29,10,0.1724137931034483,42,1.5
490,death,33,12,0.20689655172413793,36,1.2857142857142858
491,death,60,12,0.20689655172413793,40,1.4285714285714286
492,death,57,13,0.22413793103448276,45,1.6071428571428572
493,death,10,13,0.22413793103448276,39,1.3928571428571428
494,death,21,11,0.1896551724137931,47,1.6785714285714286
495,death,62,11,0.1896551724137931,39,1.3928571428571428
496,death,18,11,0.1896551724137931,42,1.5
497,death,23,10,0.1724137931034483,19,0.6785714285714286
498,death,9,9,0.15517241379310345,45,1.6071428571428572
499,death,25,13,0.22413793103448276,40,1.4285714285714286
500,hcc1954_short,79,15,0.4411764705882353,18,1.125
501,hcc1954_short,84,12,0.35294117647058826,12,0.75
502,hcc1954_short,53,16,0.47058823529411764,13,0.8125
503,hcc1954_short,55,12,0.375,18,1.125
504,hcc1954_short,52,14,0.4375,16,1.0
505,hcc1954_short,96,15,0.4411764705882353,16,1.0
506,hcc1954_short,26,16,0.5,6,0.375
507,hcc1954_short,58,15,0.4411764705882353,14,0.875
508,hcc1954_short,98,15,0.4411764705882353,17,1.0625
509,hcc1954_short,73,13,0.38235294117647056,21,1.3125
510,hcc1954_short,75,18,0.5294117647058824,6,0.375
511,hcc1954_short,51,16,0.47058823529411764,14,0.875
512,hcc1954_short,27,12,0.35294117647058826,22,1.375
513,hcc1954_short,76,14,0.4117647058823529,15,0.9375
514,hcc1954_short,37,17,0.5,7,0.4375
515,hcc1954_short,25,17,0.5,9,0.5625
516,hcc1954_short,1,20,0.5882352941176471,4,0.25
517,hcc1954_short,99,13,0.38235294117647056,21,1.3125
518,hcc1954_short,97,17,0.5,11,0.6875
519,hcc1954_short,49,17,0.5,7,0.4375
520,hcc1954_short,80,16,0.47058823529411764,11,0.6875
521,hcc1954_short,39,21,0.6176470588235294,5,0.3125
522,hcc1954_short,30,17,0.5,7,0.4375
523,hcc1954_short,50,14,0.4117647058823529,17,1.0625
524,hcc1954_short,21,19,0.5588235294117647,5,0.3125
525,hcc1954_short,22,14,0.4375,14,0.875
526,hcc1954_short,32,15,0.4411764705882353,11,0.6875
527,hcc1954_short,24,14,0.4117647058823529,17,1.0625
528,hcc1954_short,35,15,0.4411764705882353,12,0.75
529,hcc1954_short,81,14,0.4117647058823529,12,0.75
530,hcc1954_short,33,15,0.4411764705882353,15,0.9375
531,hcc1954_short,36,12,0.375,10,0.625
532,hcc1954_short,54,16,0.47058823529411764,12,0.75
533,hcc1954_short,38,17,0.5,9,0.5625
534,hcc1954_short,29,18,0.5294117647058824,8,0.5
535,hcc1954_short,20,16,0.47058823529411764,11,0.6875
536,hcc1954_short,40,18,0.5294117647058824,5,0.3125
537,hcc1954_short,74,18,0.5294117647058824,10,0.625
538,hcc1954_short,82,17,0.5,9,0.5625
539,hcc1954_short,83,15,0.46875,10,0.625
540,hcc1954_short,31,16,0.47058823529411764,10,0.625
541,hcc1954_short,42,14,0.4117647058823529,16,1.0
542,hcc1954_short,23,17,0.53125,13,0.8125
543,hcc1954_short,41,15,0.4411764705882353,13,0.8125
544,hcc1954_short,56,19,0.5588235294117647,6,0.375
545,hcc1954_short,77,18,0.5294117647058824,6,0.375
546,hcc1954_short,34,20,0.5882352941176471,8,0.5
547,hcc1954_short,28,15,0.4411764705882353,19,1.1875
548,hcc1954_short,78,19,0.5588235294117647,7,0.4375
549,hcc1954_short,92,18,0.5294117647058824,11,0.6875
550,hcc1954_short,11,14,0.4117647058823529,11,0.6875
551,hcc1954_short,18,16,0.47058823529411764,15,0.9375
552,hcc1954_short,14,18,0.5294117647058824,7,0.4375
553,hcc1954_short,94,17,0.5,11,0.6875
554,hcc1954_short,67,13,0.40625,14,0.875
555,hcc1954_short,16,16,0.47058823529411764,10,0.625
556,hcc1954_short,43,17,0.5,9,0.5625
557,hcc1954_short,85,20,0.5882352941176471,5,0.3125
558,hcc1954_short,62,19,0.5588235294117647,4,0.25
559,hcc1954_short,61,20,0.5882352941176471,4,0.25
560,hcc1954_short,13,17,0.5,11,0.6875
561,hcc1954_short,7,18,0.5294117647058824,6,0.375
562,hcc1954_short,0,12,0.375,14,0.875
563,hcc1954_short,91,18,0.5625,4,0.25
564,hcc1954_short,15,17,0.5,12,0.75
565,hcc1954_short,8,17,0.53125,10,0.625
566,hcc1954_short,46,13,0.38235294117647056,21,1.3125
567,hcc1954_short,17,15,0.4411764705882353,16,1.0
568,hcc1954_short,6,13,0.40625,12,0.75
569,hcc1954_short,95,19,0.5588235294117647,9,0.5625
570,hcc1954_short,93,14,0.4117647058823529,9,0.5625
571,hcc1954_short,5,17,0.5,7,0.4375
572,hcc1954_short,86,21,0.6176470588235294,7,0.4375
573,hcc1954_short,90,15,0.4411764705882353,15,0.9375
574,hcc1954_short,4,20,0.5882352941176471,5,0.3125
575,hcc1954_short,70,16,0.47058823529411764,9,0.5625
576,hcc1954_short,10,18,0.5294117647058824,5,0.3125
577,hcc1954_short,65,18,0.5294117647058824,6,0.375
578,hcc1954_short,47,17,0.5,5,0.3125
579,hcc1954_short,72,14,0.4375,15,0.9375
580,hcc1954_short,87,14,0.4117647058823529,13,0.8125
581,hcc1954_short,71,17,0.5,13,0.8125
582,hcc1954_short,3,16,0.47058823529411764,6,0.375
583,hcc1954_short,66,17,0.5,5,0.3125
584,hcc1954_short,89,18,0.5294117647058824,9,0.5625
585,hcc1954_short,68,16,0.47058823529411764,5,0.3125
586,hcc1954_short,88,20,0.5882352941176471,7,0.4375
587,hcc1954_short,9,15,0.4411764705882353,10,0.625
588,hcc1954_short,2,15,0.4411764705882353,10,0.625
589,hcc1954_short,69,15,0.4411764705882353,7,0.4375
590,hcc1954_short,63,14,0.4117647058823529,19,1.1875
591,hcc1954_short,57,15,0.4411764705882353,11,0.6875
592,hcc1954_short,19,19,0.5588235294117647,7,0.4375
593,hcc1954_short,45,14,0.4117647058823529,11,0.6875
594,hcc1954_short,59,15,0.4411764705882353,11,0.6875
595,hcc1954_short,12,18,0.5294117647058824,7,0.4375
596,hcc1954_short,64,14,0.4375,10,0.625
597,hcc1954_short,48,15,0.4411764705882353,16,1.0
598,hcc1954_short,60,16,0.47058823529411764,5,0.3125
599,hcc1954_short,44,18,0.5294117647058824,10,0.625
600,hgf,18,27,0.1956521739130435,99,1.4558823529411764
601,hgf,45,23,0.16666666666666666,106,1.5588235294117647
602,hgf,34,29,0.21014492753623187,104,1.5294117647058822
603,hgf,97,25,0.18115942028985507,111,1.6323529411764706
604,hgf,59,26,0.18840579710144928,107,1.5735294117647058
605,hgf,60,26,0.18840579710144928,99,1.4558823529411764
606,hgf,51,24,0.17391304347826086,105,1.5441176470588236
607,hgf,64,19,0.13768115942028986,114,1.6764705882352942
608,hgf,55,25,0.18115942028985507,50,0.7352941176470589
609,hgf,62,19,0.13768115942028986,114,1.6764705882352942
610,hgf,99,22,0.15942028985507245,95,1.3970588235294117
611,hgf,98,25,0.18115942028985507,106,1.5588235294117647
612,hgf,61,25,0.18115942028985507,112,1.6470588235294117
613,hgf,20,23,0.16666666666666666,106,1.5588235294117647
614,hgf,15,22,0.15942028985507245,102,1.5
615,hgf,63,22,0.15942028985507245,109,1.6029411764705883
616,hgf,21,27,0.1956521739130435,100,1.4705882352941178
617,hgf,96,22,0.15942028985507245,105,1.5441176470588236
618,hgf,56,21,0.15217391304347827,108,1.588235294117647
619,hgf,2,24,0.17391304347826086,109,1.6029411764705883
620,hgf,52,26,0.18840579710144928,103,1.5147058823529411
621,hgf,12,23,0.16666666666666666,110,1.6176470588235294
622,hgf,44,23,0.16666666666666666,112,1.6470588235294117
623,hgf,43,23,0.16666666666666666,110,1.6176470588235294
624,hgf,95,23,0.16666666666666666,105,1.5441176470588236
625,hgf,50,26,0.18840579710144928,105,1.5441176470588236
626,hgf,19,23,0.16666666666666666,98,1.4411764705882353
627,hgf,11,26,0.18840579710144928,108,1.588235294117647
628,hgf,16,21,0.15217391304347827,103,1.5147058823529411
629,hgf,14,24,0.17391304347826086,102,1.5
630,hgf,42,27,0.1956521739130435,96,1.411764705882353
631,hgf,41,24,0.17391304347826086,108,1.588235294117647
632,hgf,10,22,0.15942028985507245,105,1.5441176470588236
633,hgf,54,23,0.16666666666666666,106,1.5588235294117647
634,hgf,13,23,0.16666666666666666,100,1.4705882352941178
635,hgf,92,23,0.16666666666666666,109,1.6029411764705883
636,hgf,53,23,0.16666666666666666,110,1.6176470588235294
637,hgf,27,26,0.18840579710144928,102,1.5
638,hgf,8,22,0.15942028985507245,108,1.588235294117647
639,hgf,25,26,0.18840579710144928,100,1.4705882352941178
640,hgf,31,22,0.15942028985507245,109,1.6029411764705883
641,hgf,30,28,0.2028985507246377,101,1.4852941176470589
642,hgf,23,22,0.15942028985507245,110,1.6176470588235294
643,hgf,83,22,0.15942028985507245,108,1.588235294117647
644,hgf,48,26,0.18840579710144928,98,1.4411764705882353
645,hgf,9,21,0.15217391304347827,95,1.3970588235294117
646,hgf,69,25,0.18115942028985507,108,1.588235294117647
647,hgf,26,24,0.17391304347826086,112,1.6470588235294117
648,hgf,85,23,0.16666666666666666,110,1.6176470588235294
649,hgf,90,29,0.21014492753623187,85,1.25
650,hgf,57,21,0.15217391304347827,102,1.5
651,hgf,76,23,0.16666666666666666,113,1.661764705882353
652,hgf,84,21,0.15217391304347827,108,1.588235294117647
653,hgf,46,23,0.16666666666666666,109,1.6029411764705883
654,hgf,24,21,0.15217391304347827,112,1.6470588235294117
655,hgf,49,21,0.15217391304347827,95,1.3970588235294117
656,hgf,28,25,0.18115942028985507,102,1.5
657,hgf,3,25,0.18115942028985507,102,1.5
658,hgf,0,24,0.17391304347826086,104,1.5294117647058822
659,hgf,4,22,0.15942028985507245,115,1.6911764705882353
660,hgf,32,19,0.13768115942028986,113,1.661764705882353
661,hgf,80,29,0.21014492753623187,101,1.4852941176470589
662,hgf,65,23,0.16666666666666666,109,1.6029411764705883
663,hgf,70,24,0.17391304347826086,95,1.3970588235294117
664,hgf,87,18,0.13043478260869565,106,1.5588235294117647
665,hgf,7,25,0.18115942028985507,105,1.5441176470588236
666,hgf,71,25,0.18115942028985507,90,1.3235294117647058
667,hgf,47,22,0.15942028985507245,111,1.6323529411764706
668,hgf,29,25,0.18115942028985507,98,1.4411764705882353
669,hgf,66,25,0.18115942028985507,107,1.5735294117647058
670,hgf,77,20,0.14492753623188406,110,1.6176470588235294
671,hgf,6,19,0.13768115942028986,107,1.5735294117647058
672,hgf,82,26,0.18840579710144928,102,1.5
673,hgf,72,22,0.15942028985507245,112,1.6470588235294117
674,hgf,1,22,0.15942028985507245,105,1.5441176470588236
675,hgf,89,26,0.18840579710144928,101,1.4852941176470589
676,hgf,79,26,0.18840579710144928,106,1.5588235294117647
677,hgf,38,25,0.18115942028985507,109,1.6029411764705883
678,hgf,86,26,0.18840579710144928,98,1.4411764705882353
679,hgf,17,25,0.18115942028985507,100,1.4705882352941178
680,hgf,94,23,0.16666666666666666,109,1.6029411764705883
681,hgf,68,25,0.18115942028985507,100,1.4705882352941178
682,hgf,36,23,0.16666666666666666,110,1.6176470588235294
683,hgf,22,24,0.17391304347826086,81,1.1911764705882353
684,hgf,93,22,0.15942028985507245,102,1.5
685,hgf,39,25,0.18115942028985507,106,1.5588235294117647
686,hgf,5,26,0.18840579710144928,97,1.4264705882352942
687,hgf,67,22,0.15942028985507245,101,1.4852941176470589
688,hgf,35,23,0.16666666666666666,102,1.5
689,hgf,88,24,0.17391304347826086,109,1.6029411764705883
690,hgf,58,24,0.17391304347826086,100,1.4705882352941178
691,hgf,78,21,0.15217391304347827,107,1.5735294117647058
692,hgf,75,27,0.1956521739130435,96,1.411764705882353
693,hgf,73,27,0.1956521739130435,88,1.2941176470588236
694,hgf,74,25,0.18115942028985507,91,1.338235294117647
695,hgf,91,24,0.17391304347826086,65,0.9558823529411765
696,hgf,40,18,0.13043478260869565,107,1.5735294117647058
697,hgf,37,27,0.1956521739130435,103,1.5147058823529411
698,hgf,81,22,0.15942028985507245,105,1.5441176470588236
699,hgf,33,27,0.1956521739130435,101,1.4852941176470589
700,mammalian,92,12,0.2857142857142857,11,0.55
701,mammalian,38,14,0.3333333333333333,11,0.55
702,mammalian,73,9,0.21428571428571427,19,0.95
703,mammalian,71,9,0.21428571428571427,20,1.0
704,mammalian,61,10,0.23809523809523808,31,1.55
705,mammalian,44,8,0.19047619047619047,31,1.55
706,mammalian,35,10,0.23809523809523808,25,1.25
707,mammalian,6,12,0.2857142857142857,20,1.0
708,mammalian,76,9,0.21428571428571427,30,1.5
709,mammalian,77,10,0.23809523809523808,21,1.05
710,mammalian,24,11,0.2619047619047619,15,0.75
711,mammalian,74,6,0.14285714285714285,33,1.65
712,mammalian,36,9,0.21428571428571427,13,0.65
713,mammalian,2,10,0.23809523809523808,19,0.95
714,mammalian,93,10,0.23809523809523808,22,1.1
715,mammalian,7,10,0.23809523809523808,16,0.8
716,mammalian,70,13,0.30952380952380953,25,1.25
717,mammalian,81,9,0.21428571428571427,31,1.55
718,mammalian,59,9,0.21428571428571427,28,1.4
719,mammalian,3,11,0.2619047619047619,25,1.25
720,mammalian,28,11,0.2619047619047619,30,1.5
721,mammalian,60,12,0.2857142857142857,17,0.85
722,mammalian,34,11,0.2619047619047619,8,0.4
723,mammalian,27,10,0.23809523809523808,21,1.05
724,mammalian,82,9,0.21428571428571427,28,1.4
725,mammalian,69,10,0.23809523809523808,16,0.8
726,mammalian,45,10,0.23809523809523808,16,0.8
727,mammalian,72,11,0.2619047619047619,18,0.9
728,mammalian,43,9,0.21428571428571427,28,1.4
729,mammalian,80,11,0.2619047619047619,28,1.4
730,mammalian,0,11,0.2619047619047619,23,1.15
731,mammalian,83,8,0.19047619047619047,21,1.05
732,mammalian,41,9,0.21428571428571427,21,1.05
733,mammalian,33,10,0.23809523809523808,25,1.25
734,mammalian,25,10,0.23809523809523808,33,1.65
735,mammalian,78,9,0.21428571428571427,20,1.0
736,mammalian,40,8,0.19047619047619047,32,1.6
737,mammalian,5,12,0.2857142857142857,16,0.8
738,mammalian,98,8,0.19047619047619047,33,1.65
739,mammalian,75,7,0.16666666666666666,29,1.45
740,mammalian,23,8,0.19047619047619047,30,1.5
741,mammalian,95,10,0.23809523809523808,24,1.2
742,mammalian,97,11,0.2619047619047619,18,0.9
743,mammalian,39,10,0.23809523809523808,29,1.45
744,mammalian,79,8,0.19047619047619047,30,1.5
745,mammalian,91,10,0.23809523809523808,27,1.35
746,mammalian,96,11,0.2619047619047619,28,1.4
747,mammalian,99,8,0.19047619047619047,34,1.7
748,mammalian,42,9,0.21428571428571427,25,1.25
749,mammalian,37,9,0.21428571428571427,31,1.55
750,mammalian,94,9,0.21428571428571427,27,1.35
751,mammalian,4,9,0.21428571428571427,28,1.4
752,mammalian,26,8,0.19047619047619047,34,1.7
753,mammalian,14,13,0.30952380952380953,11,0.55
754,mammalian,22,8,0.19047619047619047,33,1.65
755,mammalian,48,11,0.2619047619047619,14,0.7
756,mammalian,13,7,0.16666666666666666,23,1.15
757,mammalian,11,8,0.19047619047619047,34,1.7
758,mammalian,84,10,0.23809523809523808,29,1.45
759,mammalian,53,9,0.21428571428571427,31,1.55
760,mammalian,49,10,0.23809523809523808,28,1.4
761,mammalian,90,11,0.2619047619047619,22,1.1
762,mammalian,85,7,0.16666666666666666,35,1.75
763,mammalian,47,9,0.21428571428571427,20,1.0
764,mammalian,16,10,0.23809523809523808,23,1.15
765,mammalian,86,11,0.2619047619047619,32,1.6
766,mammalian,65,8,0.19047619047619047,33,1.65
767,mammalian,64,12,0.2857142857142857,28,1.4
768,mammalian,19,11,0.2619047619047619,24,1.2
769,mammalian,62,10,0.23809523809523808,28,1.4
770,mammalian,68,11,0.2619047619047619,28,1.4
771,mammalian,17,11,0.2619047619047619,22,1.1
772,mammalian,46,8,0.19047619047619047,27,1.35
773,mammalian,1,15,0.35714285714285715,18,0.9
774,mammalian,87,11,0.2619047619047619,22,1.1
775,mammalian,63,11,0.2619047619047619,31,1.55
776,mammalian,50,9,0.21428571428571427,24,1.2
777,mammalian,21,7,0.16666666666666666,34,1.7
778,mammalian,88,7,0.16666666666666666,35,1.75
779,mammalian,20,11,0.2619047619047619,20,1.0
780,mammalian,89,9,0.21428571428571427,30,1.5
781,mammalian,57,10,0.23809523809523808,32,1.6
782,mammalian,30,6,0.14285714285714285,36,1.8
783,mammalian,58,11,0.2619047619047619,15,0.75
784,mammalian,15,9,0.21428571428571427,24,1.2
785,mammalian,52,7,0.16666666666666666,36,1.8
786,mammalian,66,14,0.3333333333333333,13,0.65
787,mammalian,8,7,0.16666666666666666,33,1.65
788,mammalian,10,12,0.2857142857142857,28,1.4
789,mammalian,29,10,0.23809523809523808,30,1.5
790,mammalian,9,12,0.2857142857142857,16,0.8
791,mammalian,12,8,0.19047619047619047,30,1.5
792,mammalian,55,14,0.3333333333333333,17,0.85
793,mammalian,18,11,0.2619047619047619,24,1.2
794,mammalian,54,10,0.23809523809523808,26,1.3
795,mammalian,31,11,0.2619047619047619,30,1.5
796,mammalian,51,14,0.3333333333333333,20,1.0
797,mammalian,67,12,0.2857142857142857,23,1.15
798,mammalian,56,9,0.21428571428571427,32,1.6
799,mammalian,32,10,0.23809523809523808,16,0.8
800,mapk,95,21,0.19444444444444445,83,1.5660377358490567
801,mapk,81,20,0.18518518518518517,84,1.5849056603773586
802,mapk,45,25,0.23148148148148148,77,1.4528301886792452
803,mapk,37,22,0.2037037037037037,62,1.169811320754717
804,mapk,96,23,0.21296296296296297,72,1.3584905660377358
805,mapk,38,22,0.2037037037037037,82,1.5471698113207548
806,mapk,42,23,0.21296296296296297,85,1.6037735849056605
807,mapk,5,23,0.21296296296296297,83,1.5660377358490567
808,mapk,7,25,0.23148148148148148,77,1.4528301886792452
809,mapk,44,23,0.21296296296296297,85,1.6037735849056605
810,mapk,36,19,0.17592592592592593,74,1.3962264150943395
811,mapk,3,23,0.21296296296296297,76,1.4339622641509433
812,mapk,98,20,0.18518518518518517,81,1.528301886792453
813,mapk,74,22,0.2037037037037037,73,1.3773584905660377
814,mapk,57,20,0.18518518518518517,85,1.6037735849056605
815,mapk,47,25,0.23148148148148148,75,1.4150943396226414
816,mapk,40,26,0.24074074074074073,75,1.4150943396226414
817,mapk,34,25,0.23148148148148148,71,1.3396226415094339
818,mapk,2,23,0.21296296296296297,77,1.4528301886792452
819,mapk,91,20,0.18518518518518517,47,0.8867924528301887
820,mapk,35,23,0.21296296296296297,77,1.4528301886792452
821,mapk,39,25,0.23148148148148148,78,1.471698113207547
822,mapk,41,22,0.2037037037037037,80,1.509433962264151
823,mapk,8,22,0.2037037037037037,53,1.0
824,mapk,50,26,0.24074074074074073,74,1.3962264150943395
825,mapk,46,24,0.2222222222222222,66,1.2452830188679245
826,mapk,4,22,0.2037037037037037,54,1.0188679245283019
827,mapk,76,22,0.2037037037037037,80,1.509433962264151
828,mapk,90,24,0.2222222222222222,75,1.4150943396226414
829,mapk,49,17,0.1574074074074074,78,1.471698113207547
830,mapk,55,22,0.2037037037037037,82,1.5471698113207548
831,mapk,99,25,0.23148148148148148,72,1.3584905660377358
832,mapk,75,23,0.21296296296296297,82,1.5471698113207548
833,mapk,54,20,0.18518518518518517,88,1.6603773584905661
834,mapk,48,25,0.23148148148148148,68,1.2830188679245282
835,mapk,77,27,0.25,78,1.471698113207547
836,mapk,9,22,0.2037037037037037,74,1.3962264150943395
837,mapk,93,22,0.2037037037037037,83,1.5660377358490567
838,mapk,56,22,0.2037037037037037,83,1.5660377358490567
839,mapk,97,20,0.18518518518518517,83,1.5660377358490567
840,mapk,92,19,0.17592592592592593,88,1.6603773584905661
841,mapk,84,20,0.18518518518518517,88,1.6603773584905661
842,mapk,13,21,0.19444444444444445,83,1.5660377358490567
843,mapk,66,24,0.2222222222222222,75,1.4150943396226414
844,mapk,79,28,0.25925925925925924,53,1.0
845,mapk,65,27,0.25,81,1.528301886792453
846,mapk,26,22,0.2037037037037037,79,1.490566037735849
847,mapk,68,20,0.18518518518518517,80,1.509433962264151
848,mapk,30,23,0.21296296296296297,77,1.4528301886792452
849,mapk,27,21,0.19444444444444445,82,1.5471698113207548
850,mapk,1,24,0.2222222222222222,82,1.5471698113207548
851,mapk,14,25,0.23148148148148148,80,1.509433962264151
852,mapk,29,24,0.2222222222222222,83,1.5660377358490567
853,mapk,67,23,0.21296296296296297,82,1.5471698113207548
854,mapk,85,21,0.19444444444444445,86,1.6226415094339623
855,mapk,10,24,0.2222222222222222,54,1.0188679245283019
856,mapk,31,25,0.23148148148148148,77,1.4528301886792452
857,mapk,23,26,0.24074074074074073,74,1.3962264150943395
858,mapk,62,24,0.2222222222222222,77,1.4528301886792452
859,mapk,17,28,0.25925925925925924,62,1.169811320754717
860,mapk,52,29,0.26851851851851855,69,1.3018867924528301
861,mapk,22,21,0.19444444444444445,75,1.4150943396226414
862,mapk,82,24,0.2222222222222222,68,1.2830188679245282
863,mapk,78,21,0.19444444444444445,82,1.5471698113207548
864,mapk,59,24,0.2222222222222222,78,1.471698113207547
865,mapk,69,24,0.2222222222222222,79,1.490566037735849
866,mapk,51,24,0.2222222222222222,76,1.4339622641509433
867,mapk,21,23,0.21296296296296297,78,1.471698113207547
868,mapk,64,22,0.2037037037037037,81,1.528301886792453
869,mapk,0,19,0.17592592592592593,86,1.6226415094339623
870,mapk,33,20,0.18518518518518517,85,1.6037735849056605
871,mapk,32,19,0.17592592592592593,84,1.5849056603773586
872,mapk,58,22,0.2037037037037037,79,1.490566037735849
873,mapk,94,24,0.2222222222222222,83,1.5660377358490567
874,mapk,86,21,0.19444444444444445,82,1.5471698113207548
875,mapk,88,23,0.21296296296296297,52,0.9811320754716981
876,mapk,73,22,0.2037037037037037,78,1.471698113207547
877,mapk,19,26,0.24074074074074073,70,1.320754716981132
878,mapk,61,25,0.23148148148148148,77,1.4528301886792452
879,mapk,18,20,0.18518518518518517,85,1.6037735849056605
880,mapk,11,23,0.21296296296296297,77,1.4528301886792452
881,mapk,72,25,0.23148148148148148,71,1.3396226415094339
882,mapk,12,23,0.21296296296296297,80,1.509433962264151
883,mapk,70,20,0.18518518518518517,53,1.0
884,mapk,71,24,0.2222222222222222,82,1.5471698113207548
885,mapk,24,23,0.21296296296296297,71,1.3396226415094339
886,mapk,83,27,0.25,71,1.3396226415094339
887,mapk,80,19,0.17592592592592593,88,1.6603773584905661
888,mapk,15,23,0.21296296296296297,77,1.4528301886792452
889,mapk,87,22,0.2037037037037037,83,1.5660377358490567
890,mapk,43,22,0.2037037037037037,81,1.528301886792453
891,mapk,20,24,0.2222222222222222,81,1.528301886792453
892,mapk,60,21,0.19444444444444445,83,1.5660377358490567
893,mapk,63,22,0.2037037037037037,80,1.509433962264151
894,mapk,28,23,0.21296296296296297,77,1.4528301886792452
895,mapk,89,21,0.19444444444444445,82,1.5471698113207548
896,mapk,16,24,0.2222222222222222,81,1.528301886792453
897,mapk,53,22,0.2037037037037037,71,1.3396226415094339
898,mapk,25,19,0.17592592592592593,48,0.9056603773584906
899,mapk,6,22,0.2037037037037037,48,0.9056603773584906
900,oxidative,93,7,0.175,32,1.6842105263157894
901,oxidative,40,6,0.15,22,1.1578947368421053
902,oxidative,98,6,0.15,25,1.3157894736842106
903,oxidative,59,5,0.125,36,1.894736842105263
904,oxidative,81,8,0.2,25,1.3157894736842106
905,oxidative,38,8,0.2,25,1.3157894736842106
906,oxidative,96,6,0.15,33,1.736842105263158
907,oxidative,49,8,0.2,17,0.8947368421052632
908,oxidative,45,8,0.2,30,1.5789473684210527
909,oxidative,39,7,0.175,33,1.736842105263158
910,oxidative,55,8,0.2,32,1.6842105263157894
911,oxidative,46,6,0.15,25,1.3157894736842106
912,oxidative,11,8,0.2,31,1.631578947368421
913,oxidative,43,8,0.2,33,1.736842105263158
914,oxidative,97,9,0.225,12,0.631578947368421
915,oxidative,42,8,0.2,28,1.4736842105263157
916,oxidative,13,5,0.125,34,1.7894736842105263
917,oxidative,47,7,0.175,33,1.736842105263158
918,oxidative,21,7,0.175,33,1.736842105263158
919,oxidative,78,6,0.15,34,1.7894736842105263
920,oxidative,56,10,0.25,15,0.7894736842105263
921,oxidative,23,7,0.175,32,1.6842105263157894
922,oxidative,92,6,0.15,20,1.0526315789473684
923,oxidative,6,7,0.175,27,1.4210526315789473
924,oxidative,79,8,0.2,20,1.0526315789473684
925,oxidative,0,11,0.275,26,1.368421052631579
926,oxidative,22,6,0.15,33,1.736842105263158
927,oxidative,99,6,0.15,32,1.6842105263157894
928,oxidative,80,6,0.15,24,1.263157894736842
929,oxidative,44,6,0.15,11,0.5789473684210527
930,oxidative,4,8,0.2,30,1.5789473684210527
931,oxidative,7,8,0.2,29,1.5263157894736843
932,oxidative,10,6,0.15,33,1.736842105263158
933,oxidative,2,6,0.15,33,1.736842105263158
934,oxidative,12,11,0.275,13,0.6842105263157895
935,oxidative,77,10,0.25,11,0.5789473684210527
936,oxidative,58,7,0.175,19,1.0
937,oxidative,48,6,0.15,35,1.8421052631578947
938,oxidative,3,7,0.175,32,1.6842105263157894
939,oxidative,5,5,0.125,32,1.6842105263157894
940,oxidative,14,5,0.125,31,1.631578947368421
941,oxidative,94,8,0.2,10,0.5263157894736842
942,oxidative,9,8,0.2,29,1.5263157894736843
943,oxidative,8,8,0.2,31,1.631578947368421
944,oxidative,57,7,0.175,33,1.736842105263158
945,oxidative,50,8,0.2,19,1.0
946,oxidative,41,8,0.2,31,1.631578947368421
947,oxidative,95,7,0.175,34,1.7894736842105263
948,oxidative,63,9,0.225,12,0.631578947368421
949,oxidative,31,5,0.125,35,1.8421052631578947
950,oxidative,91,8,0.2,31,1.631578947368421
951,oxidative,70,4,0.1,36,1.894736842105263
952,oxidative,34,6,0.15,18,0.9473684210526315
953,oxidative,83,6,0.15,20,1.0526315789473684
954,oxidative,36,4,0.1,37,1.9473684210526316
955,oxidative,24,7,0.175,32,1.6842105263157894
956,oxidative,67,7,0.175,29,1.5263157894736843
957,oxidative,25,6,0.15,32,1.6842105263157894
958,oxidative,65,6,0.15,25,1.3157894736842106
959,oxidative,33,6,0.15,30,1.5789473684210527
960,oxidative,75,10,0.25,28,1.4736842105263157
961,oxidative,60,8,0.2,14,0.7368421052631579
962,oxidative,37,4,0.1,36,1.894736842105263
963,oxidative,1,5,0.125,34,1.7894736842105263
964,oxidative,26,6,0.15,35,1.8421052631578947
965,oxidative,29,8,0.2,31,1.631578947368421
966,oxidative,88,9,0.225,19,1.0
967,oxidative,90,9,0.225,31,1.631578947368421
968,oxidative,35,7,0.175,18,0.9473684210526315
969,oxidative,66,7,0.175,24,1.263157894736842
970,oxidative,68,7,0.175,32,1.6842105263157894
971,oxidative,86,6,0.15,27,1.4210526315789473
972,oxidative,76,5,0.125,35,1.8421052631578947
973,oxidative,89,8,0.2,33,1.736842105263158
974,oxidative,54,6,0.15,32,1.6842105263157894
975,oxidative,20,8,0.2,24,1.263157894736842
976,oxidative,85,10,0.25,29,1.5263157894736843
977,oxidative,53,5,0.125,36,1.894736842105263
978,oxidative,61,5,0.125,34,1.7894736842105263
979,oxidative,64,7,0.175,32,1.6842105263157894
980,oxidative,17,7,0.175,33,1.736842105263158
981,oxidative,30,6,0.15,31,1.631578947368421
982,oxidative,82,8,0.2,27,1.4210526315789473
983,oxidative,62,9,0.225,25,1.3157894736842106
984,oxidative,87,7,0.175,34,1.7894736842105263
985,oxidative,84,9,0.225,18,0.9473684210526315
986,oxidative,74,6,0.15,21,1.105263157894737
987,oxidative,32,8,0.2,28,1.4736842105263157
988,oxidative,18,8,0.2,32,1.6842105263157894
989,oxidative,16,8,0.2,28,1.4736842105263157
990,oxidative,73,7,0.175,24,1.263157894736842
991,oxidative,69,8,0.2,22,1.1578947368421053
992,oxidative,72,8,0.2,33,1.736842105263158
993,oxidative,19,7,0.175,32,1.6842105263157894
994,oxidative,71,7,0.175,33,1.736842105263158
995,oxidative,52,6,0.15,34,1.7894736842105263
996,oxidative,15,6,0.15,34,1.7894736842105263
997,oxidative,27,7,0.175,32,1.6842105263157894
998,oxidative,28,7,0.175,17,0.8947368421052632
999,oxidative,51,4,0.1,37,1.9473684210526316
