,model,network_idx,size_of_network,num_link,C0,C1,C2,C3,robustness_pa,robustness_ip,empty_io_ratio,deterministic_io_ratio,redundancy,num_input,num_output
0,bortezomib,61,67,126,56,8,0,3,0.6567164179104478,0.8921408582089553,1.0,0.0,-1,5.0,3.0
1,bortezomib,27,67,128,65,0,0,2,0.7313432835820896,0.9253731343283582,1.0,0.0,-1,5.0,3.0
2,bortezomib,60,67,128,55,9,0,3,0.63681592039801,0.8767199160447762,0.5,0.16666666666666666,32.0,5.0,3.0
3,bortezomib,26,67,127,50,14,1,2,0.7388059701492538,0.9253731343283582,1.0,0.0,-1,5.0,3.0
4,bortezomib,25,67,128,53,10,0,4,0.6753731343283582,0.8876078591417911,1.0,0.0,-1,5.0,3.0
5,bortezomib,59,67,125,50,9,0,8,0.6492537313432836,0.8783232276119403,0.5,0.16666666666666666,25.4,5.0,3.0
6,bortezomib,24,67,129,52,13,0,2,0.664179104477612,0.8889196595149254,1.0,0.0,-1,5.0,3.0
7,bortezomib,58,67,126,57,8,0,2,0.7611940298507462,0.9253731343283582,1.0,0.0,-1,5.0,3.0
8,bortezomib,23,67,127,55,7,0,5,0.6791044776119403,0.8240292677238806,0.5,0.16666666666666666,45.6,5.0,3.0
9,bortezomib,57,67,127,57,8,0,2,0.7164179104477612,0.9253731343283582,1.0,0.0,-1,5.0,3.0
10,bortezomib,28,67,126,62,4,0,1,0.7014925373134329,0.8880451259328358,1.0,0.0,-1,5.0,3.0
11,bortezomib,56,67,127,66,0,0,1,0.7238805970149254,0.9253731343283582,1.0,0.0,-1,5.0,3.0
12,bortezomib,55,67,128,60,2,0,5,0.6940298507462687,0.9253731343283582,1.0,0.0,-1,5.0,3.0
13,bortezomib,20,67,127,52,6,0,9,0.7313432835820896,0.9253731343283582,0.5,0.16666666666666666,19.2,5.0,3.0
14,bortezomib,54,67,129,61,4,0,2,0.6750621890547265,0.9213794309701493,1.0,0.0,-1,5.0,3.0
15,bortezomib,19,67,128,60,5,0,2,0.7686567164179104,0.9253731343283582,1.0,0.0,-1,5.0,3.0
16,bortezomib,53,67,125,65,0,0,2,0.585820895522388,0.8693592583955224,1.0,0.0,-1,5.0,3.0
17,bortezomib,18,67,125,64,2,0,1,0.7686567164179104,0.9253731343283582,1.0,0.0,-1,5.0,3.0
18,bortezomib,52,67,128,60,6,0,1,0.6791044776119403,0.9253731343283582,1.0,0.0,-1,5.0,3.0
19,bortezomib,1,67,128,56,10,0,1,0.6417910447761194,0.8648554104477612,1.0,0.0,-1,5.0,3.0
20,bortezomib,17,67,127,63,4,0,0,0.7388059701492538,0.9253731343283582,1.0,0.0,-1,5.0,3.0
21,bortezomib,51,67,127,59,7,0,1,0.7437810945273632,0.9253731343283582,1.0,0.0,-1,5.0,3.0
22,bortezomib,16,67,126,62,3,0,2,0.628731343283582,0.8590106110074627,1.0,0.0,-1,5.0,3.0
23,bortezomib,50,67,128,62,3,0,2,0.7761194029850746,0.9253731343283582,0.5,0.16666666666666666,20.0,5.0,3.0
24,bortezomib,15,67,127,62,1,0,4,0.7014925373134329,0.9046758395522388,0.5,0.16666666666666666,35.0,5.0,3.0
25,bortezomib,49,67,128,41,10,0,16,0.6455223880597015,0.8916015625,0.875,0.041666666666666664,92.6,5.0,3.0
26,bortezomib,99,67,128,63,3,0,1,0.4395877754086709,0.810605177238806,1.0,0.0,-1,5.0,3.0
27,bortezomib,14,67,126,65,1,0,1,0.6529850746268657,0.8912517490671642,1.0,0.0,-1,5.0,3.0
28,bortezomib,48,67,126,47,15,2,3,0.6865671641791045,0.9237843983208955,1.0,0.0,-1,5.0,3.0
29,bortezomib,98,67,128,57,10,0,0,0.6156716417910447,0.9104477611940298,1.0,0.0,-1,5.0,3.0
30,bortezomib,13,67,128,61,2,0,4,0.6648009950248756,0.8426714085820896,1.0,0.0,-1,5.0,3.0
31,bortezomib,47,67,128,59,7,0,1,0.6492537313432836,0.8868062033582089,1.0,0.0,-1,5.0,3.0
32,bortezomib,97,67,128,54,8,1,4,0.5217661691542289,0.8305736940298507,0.5,0.16666666666666666,59.0,5.0,3.0
33,bortezomib,22,67,129,65,0,0,2,0.6791044776119403,0.9132316930970149,1.0,0.0,-1,5.0,3.0
34,bortezomib,12,67,128,61,5,0,1,0.6256218905472637,0.8975046641791045,1.0,0.0,-1,5.0,3.0
35,bortezomib,46,67,129,59,8,0,0,0.6343283582089553,0.880684468283582,1.0,0.0,-1,5.0,3.0
36,bortezomib,96,67,128,59,5,0,3,0.7388059701492538,0.8955223880597015,1.0,0.0,-1,5.0,3.0
37,bortezomib,21,67,129,61,4,0,2,0.6567164179104478,0.9253731343283582,1.0,0.0,-1,5.0,3.0
38,bortezomib,45,67,127,67,0,0,0,0.6791044776119403,0.9091068097014925,1.0,0.0,-1,5.0,3.0
39,bortezomib,95,67,127,58,3,0,6,0.7325870646766169,0.8883220615671642,0.5,0.16666666666666666,6.8,5.0,3.0
40,bortezomib,78,67,125,65,1,0,1,0.7052238805970149,0.891484958022388,1.0,0.0,-1,5.0,3.0
41,bortezomib,44,67,127,66,0,0,1,0.7089552238805971,0.8908727845149254,1.0,0.0,-1,5.0,3.0
42,bortezomib,8,67,127,56,6,2,3,0.6791044776119403,0.9253731343283582,1.0,0.0,-1,5.0,3.0
43,bortezomib,94,67,127,66,0,0,1,0.7089552238805971,0.9140479244402985,1.0,0.0,-1,5.0,3.0
44,bortezomib,77,67,127,59,6,0,2,0.7014925373134329,0.9211462220149254,0.5,0.16666666666666666,86.6,5.0,3.0
45,bortezomib,11,67,126,63,2,0,2,0.7238805970149254,0.9253731343283582,1.0,0.0,-1,5.0,3.0
46,bortezomib,43,67,128,57,7,1,2,0.7985074626865671,0.9253731343283582,1.0,0.0,-1,5.0,3.0
47,bortezomib,93,67,126,62,4,0,1,0.6716417910447762,0.9130713619402985,1.0,0.0,-1,5.0,3.0
48,bortezomib,76,67,128,62,3,0,2,0.746268656716418,0.9253731343283582,1.0,0.0,-1,5.0,3.0
49,bortezomib,42,67,127,64,2,0,1,0.7164179104477612,0.9220644822761194,1.0,0.0,-1,5.0,3.0
50,bortezomib,10,67,125,66,0,0,1,0.6791044776119403,0.9253731343283582,1.0,0.0,-1,5.0,3.0
51,bortezomib,92,67,128,59,5,0,3,0.7089552238805971,0.9253731343283582,1.0,0.0,-1,5.0,3.0
52,bortezomib,75,67,127,47,14,0,6,0.6940298507462687,0.9253731343283582,0.0,0.3333333333333333,52.8,5.0,3.0
53,bortezomib,41,67,126,66,0,0,1,0.6865671641791045,0.897402635261194,1.0,0.0,-1,5.0,3.0
54,bortezomib,9,67,126,56,8,0,3,0.5335820895522388,0.8009998833955224,1.0,0.0,-1,5.0,3.0
55,bortezomib,91,67,124,63,3,0,1,0.7089552238805971,0.881661030783582,1.0,0.0,-1,5.0,3.0
56,bortezomib,74,67,129,49,8,0,10,0.6352611940298507,0.8666627798507462,0.625,0.125,36.0,5.0,3.0
57,bortezomib,40,67,125,57,6,0,4,0.6791044776119403,0.8837453358208955,1.0,0.0,-1,5.0,3.0
58,bortezomib,90,67,128,64,0,0,3,0.7089552238805971,0.9253731343283582,1.0,0.0,-1,5.0,3.0
59,bortezomib,73,67,127,61,5,0,1,0.6940298507462687,0.9253731343283582,1.0,0.0,-1,5.0,3.0
60,bortezomib,0,67,127,57,6,0,4,0.7238805970149254,0.9182311100746269,1.0,0.0,-1,5.0,3.0
61,bortezomib,39,67,128,57,3,0,7,0.746268656716418,0.8987290111940298,0.5,0.3333333333333333,66.4,5.0,3.0
62,bortezomib,89,67,129,55,6,0,6,0.6791044776119403,0.916015625,0.5,0.16666666666666666,43.8,5.0,3.0
63,bortezomib,72,67,128,60,7,0,0,0.5156716417910447,0.8699277052238806,1.0,0.0,-1,5.0,3.0
64,bortezomib,7,67,128,58,5,1,3,0.7238805970149254,0.9172545475746269,1.0,0.0,-1,5.0,3.0
65,bortezomib,38,67,124,67,0,0,0,0.7723880597014925,0.913027635261194,1.0,0.0,-1,5.0,3.0
66,bortezomib,88,67,127,48,15,0,4,0.7126865671641791,0.9253731343283582,1.0,0.0,-1,5.0,3.0
67,bortezomib,71,67,126,59,6,0,2,0.7126865671641791,0.8960179570895522,0.5,0.16666666666666666,18.4,5.0,3.0
68,bortezomib,37,67,128,63,3,0,1,0.6268656716417911,0.8895609841417911,1.0,0.0,-1,5.0,3.0
69,bortezomib,87,67,126,64,3,0,0,0.7014925373134329,0.8923886427238806,1.0,0.0,-1,5.0,3.0
70,bortezomib,70,67,126,56,9,0,2,0.7089552238805971,0.8823752332089553,1.0,0.0,-1,5.0,3.0
71,bortezomib,36,67,127,63,1,0,3,0.6349502487562189,0.8390275186567164,0.5,0.16666666666666666,36.8,5.0,3.0
72,bortezomib,86,67,125,65,2,0,0,0.6902985074626866,0.8698402518656716,1.0,0.0,-1,5.0,3.0
73,bortezomib,69,67,127,58,9,0,0,0.7723880597014925,0.9253731343283582,1.0,0.0,-1,5.0,3.0
74,bortezomib,35,67,127,55,4,2,6,0.7052238805970149,0.865292677238806,1.0,0.0,-1,5.0,3.0
75,bortezomib,85,67,128,61,3,0,3,0.7089552238805971,0.8826521688432836,1.0,0.0,-1,5.0,3.0
76,bortezomib,68,67,124,55,10,0,2,0.6604477611940298,0.8980293843283582,1.0,0.0,-1,5.0,3.0
77,bortezomib,34,67,129,61,3,0,3,0.753731343283582,0.8971694263059702,1.0,0.0,-1,5.0,3.0
78,bortezomib,2,67,128,53,5,0,9,0.6455223880597015,0.8757287779850746,0.5,0.16666666666666666,126.4,5.0,3.0
79,bortezomib,84,67,128,67,0,0,0,0.753731343283582,0.9253731343283582,1.0,0.0,-1,5.0,3.0
80,bortezomib,67,67,127,64,0,0,3,0.7014925373134329,0.8739505597014925,1.0,0.0,-1,5.0,3.0
81,bortezomib,33,67,128,46,15,2,4,0.7425373134328358,0.9253731343283582,0.5,0.16666666666666666,208.8,5.0,3.0
82,bortezomib,6,67,127,54,7,0,6,0.7388059701492538,0.9253731343283582,0.5,0.3333333333333333,40.3,5.0,3.0
83,bortezomib,83,67,129,61,3,0,3,0.7388059701492538,0.9128673041044776,1.0,0.0,-1,5.0,3.0
84,bortezomib,66,67,126,58,6,0,3,0.7164179104477612,0.9080719449626866,1.0,0.0,-1,5.0,3.0
85,bortezomib,32,67,128,65,2,0,0,0.441044776119403,0.8189861240671642,1.0,0.0,-1,5.0,3.0
86,bortezomib,82,67,127,56,11,0,0,0.5055970149253731,0.8616050606343284,1.0,0.0,-1,5.0,3.0
87,bortezomib,5,67,129,64,2,0,1,0.6716417910447762,0.8866750233208955,1.0,0.0,-1,5.0,3.0
88,bortezomib,65,67,127,63,4,0,0,0.6791044776119403,0.9017024253731343,1.0,0.0,-1,5.0,3.0
89,bortezomib,31,67,125,55,8,0,4,0.6865671641791045,0.9056961287313433,0.5,0.16666666666666666,10.4,5.0,3.0
90,bortezomib,81,67,127,52,9,4,2,0.5978441127694859,0.8459217583955224,1.0,0.0,-1,5.0,3.0
91,bortezomib,64,67,128,56,11,0,0,0.6380597014925373,0.8616196361940298,1.0,0.0,-1,5.0,3.0
92,bortezomib,30,67,127,63,2,0,2,0.6104477611940299,0.9253731343283582,1.0,0.0,-1,5.0,3.0
93,bortezomib,4,67,126,49,10,1,7,0.7238805970149254,0.9253731343283582,0.75,0.08333333333333333,13.0,5.0,3.0
94,bortezomib,80,67,126,65,0,0,2,0.7723880597014925,0.9253731343283582,1.0,0.0,-1,5.0,3.0
95,bortezomib,3,67,126,59,6,0,2,0.7313432835820896,0.9253731343283582,1.0,0.0,-1,5.0,3.0
96,bortezomib,63,67,128,59,4,0,4,0.4925373134328358,0.8798536613805971,0.5,0.16666666666666666,42.0,5.0,3.0
97,bortezomib,29,67,127,67,0,0,0,0.7014925373134329,0.9253731343283582,1.0,0.0,-1,5.0,3.0
98,bortezomib,79,67,127,66,0,0,1,0.7052238805970149,0.8913537779850746,1.0,0.0,-1,5.0,3.0
99,bortezomib,62,67,127,59,7,0,1,0.6592039800995024,0.8605701958955224,1.0,0.0,-1,5.0,3.0
100,apoptosis,90,41,72,41,0,0,0,0.7560975609756098,0.9512195121951219,1.0,0.0,-1,2.0,1.0
101,apoptosis,89,41,72,34,4,1,2,0.6951219512195121,0.906273818597561,1.0,0.0,-1,2.0,1.0
102,apoptosis,29,41,71,25,14,0,2,0.6585365853658537,0.9512195121951219,1.0,0.0,-1,2.0,1.0
103,apoptosis,88,41,72,28,10,0,3,0.5853658536585366,0.8469655106707317,1.0,0.0,-1,2.0,1.0
104,apoptosis,30,41,71,41,0,0,0,0.7195121951219512,0.9512195121951219,1.0,0.0,-1,2.0,1.0
105,apoptosis,87,41,69,37,2,1,1,0.7195121951219512,0.9512195121951219,1.0,0.0,-1,2.0,1.0
106,apoptosis,86,41,70,34,6,0,1,0.7439024390243902,0.9418588033536586,1.0,0.0,-1,2.0,1.0
107,apoptosis,85,41,72,41,0,0,0,0.6951219512195121,0.8850038109756098,1.0,0.0,-1,2.0,1.0
108,apoptosis,32,41,71,41,0,0,0,0.7317073170731707,0.9204458841463414,1.0,0.0,-1,2.0,1.0
109,apoptosis,84,41,72,34,6,0,1,0.6036585365853658,0.8478229801829268,1.0,0.0,-1,2.0,1.0
110,apoptosis,83,41,71,40,0,0,1,0.7682926829268293,0.9319979039634146,1.0,0.0,-1,2.0,1.0
111,apoptosis,99,41,71,39,0,0,2,0.7682926829268293,0.926829268292683,1.0,0.0,-1,2.0,1.0
112,apoptosis,33,41,73,39,1,0,1,0.8536585365853658,0.9268769054878049,1.0,0.0,-1,2.0,1.0
113,apoptosis,82,41,72,40,0,0,1,0.7804878048780488,0.9512195121951219,1.0,0.0,-1,2.0,1.0
114,apoptosis,31,41,71,38,0,0,3,0.6219512195121951,0.9143483231707317,1.0,0.0,-1,2.0,1.0
115,apoptosis,39,41,72,33,7,0,1,0.5226480836236934,0.880930830792683,1.0,0.0,-1,2.0,1.0
116,apoptosis,34,41,70,40,0,0,1,0.7926829268292683,0.9512195121951219,1.0,0.0,-1,2.0,1.0
117,apoptosis,98,41,72,41,0,0,0,0.7804878048780488,0.9512195121951219,1.0,0.0,-1,2.0,1.0
118,apoptosis,81,41,73,39,0,0,2,0.7195121951219512,0.9512195121951219,1.0,0.0,-1,2.0,1.0
119,apoptosis,97,41,73,41,0,0,0,0.7682926829268293,0.9205411585365854,1.0,0.0,-1,2.0,1.0
120,apoptosis,80,41,72,40,0,0,1,0.7317073170731707,0.9436213795731707,1.0,0.0,-1,2.0,1.0
121,apoptosis,96,41,73,41,0,0,0,0.6951219512195121,0.9512195121951219,1.0,0.0,-1,2.0,1.0
122,apoptosis,35,41,71,41,0,0,0,0.7317073170731707,0.9512195121951219,1.0,0.0,-1,2.0,1.0
123,apoptosis,79,41,72,39,0,0,2,0.7926829268292683,0.9391196646341463,1.0,0.0,-1,2.0,1.0
124,apoptosis,36,41,70,41,0,0,0,0.7479674796747968,0.8958174542682927,1.0,0.0,-1,2.0,1.0
125,apoptosis,95,41,70,39,1,0,1,0.8170731707317073,0.9391434832317073,1.0,0.0,-1,2.0,1.0
126,apoptosis,78,41,69,39,0,0,2,0.7195121951219512,0.9184451219512195,1.0,0.0,-1,2.0,1.0
127,apoptosis,76,41,73,41,0,0,0,0.7317073170731707,0.9512195121951219,1.0,0.0,-1,2.0,1.0
128,apoptosis,94,41,72,34,4,0,3,0.6219512195121951,0.9512195121951219,1.0,0.0,-1,2.0,1.0
129,apoptosis,77,41,72,40,0,0,1,0.6219512195121951,0.9379763719512195,1.0,0.0,-1,2.0,1.0
130,apoptosis,37,41,73,38,1,0,2,0.8170731707317073,0.9512195121951219,0.0,1.0,25.0,2.0,1.0
131,apoptosis,93,41,71,40,0,0,1,0.75,0.9512195121951219,1.0,0.0,-1,2.0,1.0
132,apoptosis,92,41,71,40,0,0,1,0.5627177700348431,0.9107517149390244,1.0,0.0,-1,2.0,1.0
133,apoptosis,28,41,72,41,0,0,0,0.7682926829268293,0.9397151295731707,1.0,0.0,-1,2.0,1.0
134,apoptosis,91,41,71,37,2,0,2,0.7317073170731707,0.8728086890243902,1.0,0.0,-1,2.0,1.0
135,apoptosis,38,41,70,41,0,0,0,0.6707317073170732,0.8829315929878049,1.0,0.0,-1,2.0,1.0
136,apoptosis,8,41,73,41,0,0,0,0.7032520325203252,0.8771198551829268,1.0,0.0,-1,2.0,1.0
137,apoptosis,40,41,70,41,0,0,0,0.6829268292682927,0.9262099847560976,1.0,0.0,-1,2.0,1.0
138,apoptosis,74,41,72,34,6,0,1,0.7621951219512195,0.8796446265243902,1.0,0.0,-1,2.0,1.0
139,apoptosis,23,41,71,37,0,0,4,0.7073170731707317,0.930592606707317,1.0,0.0,-1,2.0,1.0
140,apoptosis,41,41,70,39,0,0,2,0.6975609756097562,0.8156678734756098,1.0,0.0,-1,2.0,1.0
141,apoptosis,56,41,72,40,0,0,1,0.75,0.9512195121951219,1.0,0.0,-1,2.0,1.0
142,apoptosis,24,41,73,35,1,0,5,0.7804878048780488,0.9512195121951219,0.5,0.5,10.5,2.0,1.0
143,apoptosis,75,41,72,39,0,0,2,0.7317073170731707,0.9512195121951219,1.0,0.0,-1,2.0,1.0
144,apoptosis,57,41,73,40,0,0,1,0.7073170731707317,0.9512195121951219,1.0,0.0,-1,2.0,1.0
145,apoptosis,42,41,71,41,0,0,0,0.7682926829268293,0.9512195121951219,1.0,0.0,-1,2.0,1.0
146,apoptosis,55,41,72,41,0,0,0,0.7560975609756098,0.9512195121951219,1.0,0.0,-1,2.0,1.0
147,apoptosis,43,41,73,41,0,0,0,0.6219512195121951,0.887766768292683,1.0,0.0,-1,2.0,1.0
148,apoptosis,9,41,72,41,0,0,0,0.7682926829268293,0.8748094512195121,1.0,0.0,-1,2.0,1.0
149,apoptosis,58,41,70,37,3,0,1,0.774390243902439,0.9512195121951219,1.0,0.0,-1,2.0,1.0
150,apoptosis,26,41,73,39,1,0,1,0.7317073170731707,0.8549923780487805,1.0,0.0,-1,2.0,1.0
151,apoptosis,7,41,71,41,0,0,0,0.7195121951219512,0.8683546112804879,1.0,0.0,-1,2.0,1.0
152,apoptosis,70,41,72,40,0,0,1,0.7560975609756098,0.9512195121951219,1.0,0.0,-1,2.0,1.0
153,apoptosis,72,41,71,29,4,0,8,0.7713414634146342,0.9512195121951219,0.5,0.5,55.0,2.0,1.0
154,apoptosis,1,41,72,41,0,0,0,0.7926829268292683,0.9329744664634146,1.0,0.0,-1,2.0,1.0
155,apoptosis,0,41,71,38,2,0,1,0.6707317073170732,0.891577743902439,1.0,0.0,-1,2.0,1.0
156,apoptosis,22,41,73,41,0,0,0,0.7804878048780488,0.9470274390243902,1.0,0.0,-1,2.0,1.0
157,apoptosis,11,41,71,41,0,0,0,0.7560975609756098,0.9108708079268293,1.0,0.0,-1,2.0,1.0
158,apoptosis,25,41,71,35,2,0,4,0.7073170731707317,0.8367473323170732,0.5,0.5,6.5,2.0,1.0
159,apoptosis,59,41,73,37,2,1,1,0.7317073170731707,0.9383812881097561,1.0,0.0,-1,2.0,1.0
160,apoptosis,44,41,72,40,0,0,1,0.5121951219512195,0.8404868521341463,1.0,0.0,-1,2.0,1.0
161,apoptosis,21,41,72,40,0,0,1,0.573170731707317,0.9040586890243902,1.0,0.0,-1,2.0,1.0
162,apoptosis,12,41,72,39,1,0,1,0.5548780487804879,0.9372856326219512,1.0,0.0,-1,2.0,1.0
163,apoptosis,60,41,73,38,1,0,2,0.7713414634146342,0.9163490853658537,0.0,1.0,1.0,2.0,1.0
164,apoptosis,45,41,73,33,6,0,2,0.7560975609756098,0.9512195121951219,1.0,0.0,-1,2.0,1.0
165,apoptosis,10,41,71,41,0,0,0,0.524390243902439,0.7503334603658537,1.0,0.0,-1,2.0,1.0
166,apoptosis,20,41,70,41,0,0,0,0.7957317073170732,0.9512195121951219,1.0,0.0,-1,2.0,1.0
167,apoptosis,71,41,71,41,0,0,0,0.725609756097561,0.8673542301829268,1.0,0.0,-1,2.0,1.0
168,apoptosis,27,41,72,37,2,0,2,0.7804878048780488,0.9512195121951219,0.5,0.5,24.5,2.0,1.0
169,apoptosis,68,41,72,40,0,0,1,0.7682926829268293,0.9398342225609756,1.0,0.0,-1,2.0,1.0
170,apoptosis,73,41,71,35,5,0,1,0.6463414634146342,0.9512195121951219,1.0,0.0,-1,2.0,1.0
171,apoptosis,13,41,71,40,0,0,1,0.7378048780487805,0.9373332698170732,1.0,0.0,-1,2.0,1.0
172,apoptosis,46,41,73,41,0,0,0,0.7682926829268293,0.9512195121951219,1.0,0.0,-1,2.0,1.0
173,apoptosis,61,41,71,41,0,0,0,0.8048780487804879,0.9264719893292683,1.0,0.0,-1,2.0,1.0
174,apoptosis,47,41,72,41,0,0,0,0.7469512195121951,0.9512195121951219,1.0,0.0,-1,2.0,1.0
175,apoptosis,62,41,72,41,0,0,0,0.8048780487804879,0.9446455792682927,1.0,0.0,-1,2.0,1.0
176,apoptosis,15,41,73,41,0,0,0,0.4603658536585366,0.8377238948170732,1.0,0.0,-1,2.0,1.0
177,apoptosis,67,41,71,36,1,0,4,0.8048780487804879,0.9512195121951219,0.5,0.5,18.5,2.0,1.0
178,apoptosis,16,41,72,40,0,0,1,0.676829268292683,0.8972227515243902,1.0,0.0,-1,2.0,1.0
179,apoptosis,2,41,73,41,0,0,0,0.8292682926829268,0.926829268292683,1.0,0.0,-1,2.0,1.0
180,apoptosis,48,41,71,41,0,0,0,0.6707317073170732,0.9389767530487805,1.0,0.0,-1,2.0,1.0
181,apoptosis,14,41,73,37,3,0,1,0.676829268292683,0.9512195121951219,1.0,0.0,-1,2.0,1.0
182,apoptosis,53,41,70,39,0,0,2,0.6951219512195121,0.9512195121951219,1.0,0.0,-1,2.0,1.0
183,apoptosis,3,41,72,37,2,0,2,0.6707317073170732,0.9426686356707317,1.0,0.0,-1,2.0,1.0
184,apoptosis,69,41,71,41,0,0,0,0.7195121951219512,0.9018435594512195,1.0,0.0,-1,2.0,1.0
185,apoptosis,66,41,72,41,0,0,0,0.7073170731707317,0.9512195121951219,1.0,0.0,-1,2.0,1.0
186,apoptosis,17,41,71,41,0,0,0,0.774390243902439,0.9512195121951219,1.0,0.0,-1,2.0,1.0
187,apoptosis,63,41,73,40,0,0,1,0.7682926829268293,0.9512195121951219,1.0,0.0,-1,2.0,1.0
188,apoptosis,49,41,73,41,0,0,0,0.774390243902439,0.9512195121951219,1.0,0.0,-1,2.0,1.0
189,apoptosis,18,41,72,34,6,0,1,0.7317073170731707,0.9512195121951219,1.0,0.0,-1,2.0,1.0
190,apoptosis,4,41,71,41,0,0,0,0.7195121951219512,0.9512195121951219,1.0,0.0,-1,2.0,1.0
191,apoptosis,50,41,71,41,0,0,0,0.7926829268292683,0.9512195121951219,1.0,0.0,-1,2.0,1.0
192,apoptosis,5,41,71,39,1,0,1,0.7926829268292683,0.9512195121951219,1.0,0.0,-1,2.0,1.0
193,apoptosis,54,41,70,40,0,0,1,0.7560975609756098,0.9512195121951219,1.0,0.0,-1,2.0,1.0
194,apoptosis,65,41,73,40,0,0,1,0.6951219512195121,0.9512195121951219,1.0,0.0,-1,2.0,1.0
195,apoptosis,64,41,72,36,2,0,3,0.5,0.8925304878048781,1.0,0.0,-1,2.0,1.0
196,apoptosis,19,41,71,39,1,0,1,0.8048780487804879,0.9512195121951219,1.0,0.0,-1,2.0,1.0
197,apoptosis,51,41,71,40,0,0,1,0.6097560975609756,0.9512195121951219,1.0,0.0,-1,2.0,1.0
198,apoptosis,52,41,71,41,0,0,0,0.7926829268292683,0.9458126905487805,1.0,0.0,-1,2.0,1.0
199,apoptosis,6,41,72,41,0,0,0,0.7682926829268293,0.9512195121951219,1.0,0.0,-1,2.0,1.0
200,bt474_short,99,16,31,5,3,0,8,0.5,0.63348388671875,0.25,0.5,4.052631578947368,5.0,2.0
201,bt474_short,82,16,34,4,7,0,5,0.796875,0.6875,0.8125,0.09375,7.6,5.0,2.0
202,bt474_short,9,16,31,16,0,0,0,0.65625,0.6240234375,1.0,0.0,-1,5.0,2.0
203,bt474_short,65,16,30,9,3,0,4,0.71875,0.63836669921875,0.5,0.25,3.4,5.0,2.0
204,bt474_short,10,16,34,8,4,0,4,0.625,0.6309814453125,0.75,0.125,10.0,5.0,2.0
205,bt474_short,98,16,31,6,5,0,5,0.5625,0.6875,0.0,0.75,4.266666666666667,5.0,2.0
206,bt474_short,81,16,33,16,0,0,0,0.46875,0.60675048828125,1.0,0.0,-1,5.0,2.0
207,bt474_short,64,16,34,11,3,0,2,0.4375,0.5789794921875,1.0,0.0,-1,5.0,2.0
208,bt474_short,97,16,34,7,7,0,2,0.6875,0.6875,0.0,1.0,8.777777777777779,5.0,2.0
209,bt474_short,80,16,32,10,2,0,4,0.90625,0.6519775390625,0.5,0.25,11.2,5.0,2.0
210,bt474_short,63,16,31,4,6,0,6,0.765625,0.68304443359375,0.0,0.8125,3.1384615384615384,5.0,2.0
211,bt474_short,11,16,31,6,5,0,5,0.59375,0.64886474609375,0.0,0.9375,5.745762711864407,5.0,2.0
212,bt474_short,96,16,33,3,4,0,9,0.5625,0.60498046875,0.0,0.875,2.5483870967741935,5.0,2.0
213,bt474_short,79,16,30,11,2,0,3,0.90625,0.6875,0.5,0.25,6.75,5.0,2.0
214,bt474_short,62,16,33,13,1,0,2,0.65625,0.63555908203125,0.0,0.5,4.4,5.0,2.0
215,bt474_short,95,16,30,7,5,0,4,0.6875,0.6875,0.5,0.5,7.0,5.0,2.0
216,bt474_short,78,16,30,6,3,0,7,0.6875,0.67352294921875,0.0,0.96875,2.4838709677419355,5.0,2.0
217,bt474_short,61,16,32,1,6,0,9,0.5,0.654296875,0.09375,0.84375,4.881481481481481,5.0,2.0
218,bt474_short,94,16,32,2,6,0,8,0.4737723214285714,0.671142578125,0.4375,0.40625,4.6,5.0,2.0
219,bt474_short,7,16,33,10,5,0,1,0.625,0.63397216796875,0.0,0.5,3.6,5.0,2.0
220,bt474_short,77,16,34,7,6,0,3,0.8125,0.6712646484375,0.0,0.5,4.0,5.0,2.0
221,bt474_short,60,16,31,8,3,0,5,0.75,0.6875,0.375,0.3125,7.4,5.0,2.0
222,bt474_short,13,16,28,15,0,0,1,0.546875,0.597412109375,1.0,0.0,-1,5.0,2.0
223,bt474_short,93,16,32,8,2,0,6,0.59375,0.6875,0.125,0.4375,4.0,5.0,2.0
224,bt474_short,76,16,34,2,6,0,8,0.65625,0.64044189453125,0.375,0.3125,11.6,5.0,2.0
225,bt474_short,59,16,32,13,2,0,1,0.65625,0.6875,0.0,0.5,3.0,5.0,2.0
226,bt474_short,92,16,32,3,4,0,9,0.5625,0.6875,0.5625,0.21875,8.4,5.0,2.0
227,bt474_short,75,16,32,3,7,0,6,0.65625,0.64776611328125,0.25,0.375,6.4,5.0,2.0
228,bt474_short,14,16,31,3,5,0,8,0.5729166666666667,0.62677001953125,0.3125,0.34375,5.6,5.0,2.0
229,bt474_short,91,16,34,5,5,0,6,0.59375,0.60137939453125,0.0,0.875,5.0285714285714285,5.0,2.0
230,bt474_short,74,16,30,16,0,0,0,0.78125,0.6875,1.0,0.0,-1,5.0,2.0
231,bt474_short,0,16,33,3,4,0,9,0.546875,0.6229248046875,0.21875,0.390625,13.2,5.0,2.0
232,bt474_short,90,16,34,3,6,0,7,0.65625,0.68170166015625,0.0,0.65625,6.123809523809523,5.0,2.0
233,bt474_short,73,16,32,1,5,0,10,0.4375,0.6556396484375,0.0,0.78125,4.88,5.0,2.0
234,bt474_short,32,16,33,10,3,0,3,0.5338541666666666,0.6702880859375,0.5,0.25,2.8,5.0,2.0
235,bt474_short,56,16,34,12,3,0,1,0.6875,0.685791015625,0.0,0.5,6.6,5.0,2.0
236,bt474_short,6,16,34,6,6,0,4,0.3229166666666667,0.67034912109375,0.125,0.4375,7.4,5.0,2.0
237,bt474_short,89,16,31,13,1,0,2,0.90625,0.6400146484375,0.5,0.25,5.0,5.0,2.0
238,bt474_short,15,16,32,8,3,0,5,0.59375,0.6182861328125,0.0,0.8125,2.3404255319148937,5.0,2.0
239,bt474_short,72,16,28,8,4,0,4,0.5,0.68017578125,0.125,0.4375,3.3333333333333335,5.0,2.0
240,bt474_short,5,16,33,16,0,0,0,0.59375,0.6875,1.0,0.0,-1,5.0,2.0
241,bt474_short,16,16,33,6,5,0,5,0.34375,0.57147216796875,0.0,0.9375,2.6666666666666665,5.0,2.0
242,bt474_short,57,16,32,7,4,0,5,0.515625,0.6575927734375,0.125,0.4375,2.6,5.0,2.0
243,bt474_short,88,16,33,4,5,0,7,0.75,0.57257080078125,0.0625,0.78125,4.826086956521739,5.0,2.0
244,bt474_short,71,16,34,3,6,0,7,0.59375,0.5946044921875,0.6875,0.15625,9.0,5.0,2.0
245,bt474_short,87,16,31,6,5,0,5,0.75,0.6875,0.0,0.96875,4.7935483870967746,5.0,2.0
246,bt474_short,70,16,31,3,8,0,5,0.421875,0.61590576171875,0.0,0.8125,2.795918367346939,5.0,2.0
247,bt474_short,17,16,32,4,5,0,7,0.78125,0.6875,0.5,0.25,6.0,5.0,2.0
248,bt474_short,58,16,31,3,5,0,8,0.625,0.66766357421875,0.0,0.78125,3.464,5.0,2.0
249,bt474_short,86,16,34,10,3,0,3,0.828125,0.63409423828125,0.5,0.25,2.6,5.0,2.0
250,bt474_short,69,16,33,6,5,0,5,0.65625,0.56500244140625,0.9375,0.03125,4.6,5.0,2.0
251,bt474_short,55,16,32,11,3,0,2,0.84375,0.6551513671875,0.25,0.375,3.8,5.0,2.0
252,bt474_short,8,16,32,14,1,0,1,0.625,0.6610107421875,0.0,0.5,4.0,5.0,2.0
253,bt474_short,85,16,32,2,8,0,6,0.75,0.6875,0.0,0.75,4.733333333333333,5.0,2.0
254,bt474_short,68,16,34,10,3,0,3,0.46875,0.50469970703125,0.5,0.25,5.75,5.0,2.0
255,bt474_short,12,16,31,16,0,0,0,0.578125,0.64410400390625,1.0,0.0,-1,5.0,2.0
256,bt474_short,84,16,32,4,4,0,8,0.71875,0.65606689453125,0.25,0.6875,4.2727272727272725,5.0,2.0
257,bt474_short,18,16,31,3,5,0,8,0.4375,0.56585693359375,0.0,0.78125,3.3333333333333335,5.0,2.0
258,bt474_short,67,16,31,2,4,0,10,0.59375,0.67138671875,0.125,0.84375,3.7355371900826446,5.0,2.0
259,bt474_short,83,16,30,9,3,0,4,0.75,0.62908935546875,0.25,0.375,3.8,5.0,2.0
260,bt474_short,66,16,31,11,1,0,4,0.71875,0.6875,0.5,0.25,4.8,5.0,2.0
261,bt474_short,19,16,32,10,1,0,5,0.8203125,0.59234619140625,0.0,0.75,2.5454545454545454,5.0,2.0
262,bt474_short,35,16,31,16,0,0,0,0.796875,0.64996337890625,1.0,0.0,-1,5.0,2.0
263,bt474_short,30,16,33,4,3,0,9,0.5,0.65374755859375,0.8125,0.09375,7.2,5.0,2.0
264,bt474_short,49,16,31,9,3,0,4,0.4375,0.58892822265625,0.0,0.5,2.6,5.0,2.0
265,bt474_short,40,16,32,5,7,0,4,0.71875,0.6396484375,0.25,0.75,2.8,5.0,2.0
266,bt474_short,50,16,33,2,5,0,9,0.4375,0.6875,0.0625,0.6875,4.125,5.0,2.0
267,bt474_short,34,16,30,4,3,0,9,0.65625,0.65338134765625,0.0,0.90625,2.8931297709923665,5.0,2.0
268,bt474_short,36,16,33,6,6,0,4,0.71875,0.6875,0.75,0.125,9.2,5.0,2.0
269,bt474_short,4,16,30,9,3,0,4,0.5625,0.6875,0.0,0.5,1.6,5.0,2.0
270,bt474_short,42,16,30,2,6,0,8,0.5,0.674560546875,0.4375,0.3125,2.8095238095238093,5.0,2.0
271,bt474_short,24,16,31,16,0,0,0,0.59375,0.59954833984375,1.0,0.0,-1,5.0,2.0
272,bt474_short,23,16,31,2,8,0,6,0.78125,0.62841796875,0.0625,0.6875,2.5625,5.0,2.0
273,bt474_short,54,16,31,11,3,0,2,0.453125,0.58685302734375,0.0,0.5,2.8,5.0,2.0
274,bt474_short,25,16,32,8,2,0,6,0.6875,0.6875,0.125,0.4375,5.333333333333333,5.0,2.0
275,bt474_short,31,16,33,7,5,0,4,0.46875,0.6640625,0.125,0.4375,8.75,5.0,2.0
276,bt474_short,41,16,33,6,5,0,5,0.59375,0.672119140625,0.125,0.4375,7.4,5.0,2.0
277,bt474_short,22,16,31,12,3,0,1,0.8125,0.6875,0.0,0.5,12.0,5.0,2.0
278,bt474_short,52,16,33,13,2,0,1,0.625,0.62615966796875,0.0,0.5,6.666666666666667,5.0,2.0
279,bt474_short,21,16,33,3,6,0,7,0.828125,0.6875,0.0,0.65625,3.9178082191780823,5.0,2.0
280,bt474_short,28,16,32,6,4,0,6,0.78125,0.67010498046875,0.125,0.4375,6.2,5.0,2.0
281,bt474_short,43,16,30,8,5,0,3,0.65625,0.62896728515625,1.0,0.0,-1,5.0,2.0
282,bt474_short,53,16,34,3,7,0,6,0.625,0.64154052734375,0.0625,0.46875,2.2,5.0,2.0
283,bt474_short,2,16,32,10,4,0,2,0.78125,0.65576171875,0.0,0.5,5.4,5.0,2.0
284,bt474_short,51,16,32,10,2,0,4,0.375,0.5799560546875,0.375,0.3125,2.4,5.0,2.0
285,bt474_short,48,16,32,3,6,1,6,0.59375,0.66864013671875,0.0,0.625,2.6470588235294117,5.0,2.0
286,bt474_short,33,16,30,1,6,0,9,0.6875,0.6573486328125,0.0,0.921875,3.5513307984790874,5.0,2.0
287,bt474_short,47,16,33,11,2,0,3,0.65625,0.6875,0.0,1.0,5.2,5.0,2.0
288,bt474_short,39,16,31,8,3,0,5,0.625,0.6875,0.25,0.75,4.9,5.0,2.0
289,bt474_short,27,16,32,15,0,0,1,0.5,0.6522216796875,1.0,0.0,-1,5.0,2.0
290,bt474_short,37,16,33,12,2,0,2,0.53125,0.6636962890625,0.0,0.5,3.4,5.0,2.0
291,bt474_short,3,16,34,4,3,0,9,0.6875,0.64471435546875,0.25,0.6875,5.363636363636363,5.0,2.0
292,bt474_short,1,16,32,16,0,0,0,0.59375,0.67340087890625,1.0,0.0,-1,5.0,2.0
293,bt474_short,26,16,31,3,6,0,7,0.5,0.67767333984375,0.03125,0.484375,8.4,5.0,2.0
294,bt474_short,44,16,32,4,5,0,7,0.40625,0.673095703125,0.9375,0.03125,4.4,5.0,2.0
295,bt474_short,38,16,32,11,2,0,3,0.671875,0.67230224609375,1.0,0.0,-1,5.0,2.0
296,bt474_short,20,16,30,9,5,0,2,0.6875,0.6875,0.0,1.0,3.7,5.0,2.0
297,bt474_short,45,16,30,5,5,0,6,0.90625,0.648681640625,0.0625,0.46875,5.8,5.0,2.0
298,bt474_short,29,16,32,9,5,0,2,0.8125,0.66143798828125,0.0,0.5,3.5,5.0,2.0
299,bt474_short,46,16,33,2,6,0,8,0.59375,0.6875,0.5,0.25,4.8,5.0,2.0
300,colitis,24,70,153,55,12,3,0,0.7035714285714286,0.9158482142857143,1.0,0.0,-1,1.0,2.0
301,colitis,75,70,151,64,6,0,0,0.5660714285714286,0.9068777901785714,1.0,0.0,-1,1.0,2.0
302,colitis,74,70,150,65,2,0,3,0.6142857142857143,0.8125697544642857,1.0,0.0,-1,1.0,2.0
303,colitis,57,70,151,63,5,0,2,0.5142857142857142,0.8296735491071429,1.0,0.0,-1,1.0,2.0
304,colitis,23,70,152,66,3,1,0,0.7285714285714285,0.9857142857142858,1.0,0.0,-1,1.0,2.0
305,colitis,73,70,150,54,15,1,0,0.6571428571428571,0.9352399553571429,1.0,0.0,-1,1.0,2.0
306,colitis,72,70,151,68,2,0,0,0.7464285714285714,0.9390206473214285,1.0,0.0,-1,1.0,2.0
307,colitis,53,70,150,49,18,3,0,0.6857142857142857,0.9714285714285714,1.0,0.0,-1,1.0,2.0
308,colitis,71,70,151,69,1,0,0,0.44821428571428573,0.9242745535714286,1.0,0.0,-1,1.0,2.0
309,colitis,22,70,153,55,10,5,0,0.6017857142857143,0.8384486607142857,1.0,0.0,-1,1.0,2.0
310,colitis,50,70,152,64,5,0,1,0.75,0.9821707589285714,1.0,0.0,-1,1.0,2.0
311,colitis,70,70,150,66,2,0,2,0.7071428571428572,0.9671037946428571,1.0,0.0,-1,1.0,2.0
312,colitis,69,70,152,68,2,0,0,0.5607142857142857,0.860546875,1.0,0.0,-1,1.0,2.0
313,colitis,52,70,149,61,9,0,0,0.49642857142857144,0.9345982142857143,1.0,0.0,-1,1.0,2.0
314,colitis,21,70,152,61,9,0,0,0.55,0.9286272321428571,1.0,0.0,-1,1.0,2.0
315,colitis,68,70,151,70,0,0,0,0.7428571428571429,0.9857142857142858,1.0,0.0,-1,1.0,2.0
316,colitis,58,70,149,69,1,0,0,0.7571428571428571,0.9857142857142858,1.0,0.0,-1,1.0,2.0
317,colitis,20,70,153,59,10,0,1,0.6428571428571429,0.9682756696428572,1.0,0.0,-1,1.0,2.0
318,colitis,67,70,151,69,1,0,0,0.7071428571428572,0.9857142857142858,1.0,0.0,-1,1.0,2.0
319,colitis,0,70,152,69,1,0,0,0.7857142857142857,0.9857142857142858,1.0,0.0,-1,1.0,2.0
320,colitis,66,70,151,57,12,1,0,0.7011904761904763,0.9602818080357143,1.0,0.0,-1,1.0,2.0
321,colitis,51,70,152,69,1,0,0,0.5821428571428572,0.8782784598214286,1.0,0.0,-1,1.0,2.0
322,colitis,99,70,153,69,1,0,0,0.65,0.9410435267857142,1.0,0.0,-1,1.0,2.0
323,colitis,65,70,152,61,6,2,1,0.625,0.9665178571428571,1.0,0.0,-1,1.0,2.0
324,colitis,98,70,150,59,9,1,1,0.6928571428571428,0.9725306919642858,1.0,0.0,-1,1.0,2.0
325,colitis,64,70,152,64,5,0,1,0.6678571428571428,0.9789481026785715,1.0,0.0,-1,1.0,2.0
326,colitis,97,70,151,59,10,0,1,0.5321428571428571,0.9030691964285714,1.0,0.0,-1,1.0,2.0
327,colitis,63,70,152,66,4,0,0,0.6928571428571428,0.9648018973214286,1.0,0.0,-1,1.0,2.0
328,colitis,19,70,149,65,4,0,1,0.75,0.9783342633928571,1.0,0.0,-1,1.0,2.0
329,colitis,96,70,153,66,4,0,0,0.6517857142857143,0.9857142857142858,1.0,0.0,-1,1.0,2.0
330,colitis,56,70,153,62,7,0,1,0.7357142857142858,0.9857142857142858,1.0,0.0,-1,1.0,2.0
331,colitis,62,70,150,64,4,0,2,0.6464285714285715,0.9311662946428572,1.0,0.0,-1,1.0,2.0
332,colitis,55,70,150,63,6,0,1,0.6619047619047619,0.9239676339285714,1.0,0.0,-1,1.0,2.0
333,colitis,95,70,152,62,7,0,1,0.7714285714285715,0.9857142857142858,1.0,0.0,-1,1.0,2.0
334,colitis,61,70,150,69,1,0,0,0.6714285714285714,0.9857142857142858,1.0,0.0,-1,1.0,2.0
335,colitis,54,70,151,68,2,0,0,0.5523809523809523,0.9279296875,1.0,0.0,-1,1.0,2.0
336,colitis,94,70,151,69,1,0,0,0.6857142857142857,0.9714285714285714,1.0,0.0,-1,1.0,2.0
337,colitis,18,70,151,64,4,0,2,0.6116071428571429,0.9695591517857143,1.0,0.0,-1,1.0,2.0
338,colitis,60,70,149,53,16,1,0,0.7142857142857143,0.9371930803571429,1.0,0.0,-1,1.0,2.0
339,colitis,93,70,152,44,23,1,2,0.6125,0.9654715401785714,1.0,0.0,-1,1.0,2.0
340,colitis,59,70,149,59,10,0,1,0.7357142857142858,0.9857142857142858,1.0,0.0,-1,1.0,2.0
341,colitis,27,70,153,54,13,0,3,0.6125,0.9359654017857143,1.0,0.0,-1,1.0,2.0
342,colitis,17,70,152,63,7,0,0,0.6857142857142857,0.9570591517857143,1.0,0.0,-1,1.0,2.0
343,colitis,92,70,150,64,4,0,2,0.638095238095238,0.90771484375,1.0,0.0,-1,1.0,2.0
344,colitis,4,70,153,68,2,0,0,0.7214285714285714,0.9857142857142858,1.0,0.0,-1,1.0,2.0
345,colitis,91,70,150,65,5,0,0,0.7642857142857142,0.9857142857142858,1.0,0.0,-1,1.0,2.0
346,colitis,9,70,152,65,4,0,1,0.6642857142857143,0.8418805803571429,1.0,0.0,-1,1.0,2.0
347,colitis,36,70,149,65,4,0,1,0.7214285714285714,0.9857142857142858,1.0,0.0,-1,1.0,2.0
348,colitis,26,70,152,57,12,1,0,0.6517857142857143,0.9471958705357143,1.0,0.0,-1,1.0,2.0
349,colitis,3,70,152,68,2,0,0,0.5372767857142857,0.9062639508928572,1.0,0.0,-1,1.0,2.0
350,colitis,90,70,152,69,1,0,0,0.6928571428571428,0.9527622767857142,1.0,0.0,-1,1.0,2.0
351,colitis,47,70,149,48,14,0,8,0.7535714285714286,0.9857142857142858,0.5,0.25,69.0,1.0,2.0
352,colitis,38,70,150,49,19,1,1,0.7785714285714286,0.9714285714285714,1.0,0.0,-1,1.0,2.0
353,colitis,35,70,150,68,2,0,0,0.6642857142857143,0.961328125,1.0,0.0,-1,1.0,2.0
354,colitis,89,70,150,69,1,0,0,0.6928571428571428,0.9857142857142858,1.0,0.0,-1,1.0,2.0
355,colitis,25,70,152,65,5,0,0,0.6178571428571429,0.9337611607142857,1.0,0.0,-1,1.0,2.0
356,colitis,16,70,152,67,1,0,2,0.6585459183673469,0.9581473214285714,1.0,0.0,-1,1.0,2.0
357,colitis,28,70,152,68,2,0,0,0.5080357142857143,0.8745256696428572,1.0,0.0,-1,1.0,2.0
358,colitis,88,70,150,67,2,0,1,0.6928571428571428,0.9714285714285714,1.0,0.0,-1,1.0,2.0
359,colitis,34,70,152,63,7,0,0,0.7142857142857143,0.9586495535714286,1.0,0.0,-1,1.0,2.0
360,colitis,2,70,148,68,1,0,1,0.6928571428571428,0.9658342633928572,1.0,0.0,-1,1.0,2.0
361,colitis,14,70,151,69,1,0,0,0.7571428571428571,0.9857142857142858,1.0,0.0,-1,1.0,2.0
362,colitis,87,70,152,63,7,0,0,0.6142857142857143,0.9162527901785714,1.0,0.0,-1,1.0,2.0
363,colitis,39,70,151,68,2,0,0,0.7071428571428572,0.9857142857142858,1.0,0.0,-1,1.0,2.0
364,colitis,15,70,150,69,1,0,0,0.6928571428571428,0.9562220982142857,1.0,0.0,-1,1.0,2.0
365,colitis,7,70,146,65,4,0,1,0.5089285714285714,0.9279994419642857,1.0,0.0,-1,1.0,2.0
366,colitis,86,70,152,57,12,0,1,0.7178571428571429,0.9767299107142857,1.0,0.0,-1,1.0,2.0
367,colitis,8,70,151,58,9,0,3,0.6428571428571429,0.9161551339285714,1.0,0.0,-1,1.0,2.0
368,colitis,45,70,152,63,7,0,0,0.7357142857142858,0.9857142857142858,1.0,0.0,-1,1.0,2.0
369,colitis,85,70,149,69,1,0,0,0.7357142857142858,0.9857142857142858,1.0,0.0,-1,1.0,2.0
370,colitis,41,70,151,63,7,0,0,0.7357142857142858,0.9857142857142858,1.0,0.0,-1,1.0,2.0
371,colitis,46,70,153,64,5,0,1,0.6857142857142857,0.9200334821428572,1.0,0.0,-1,1.0,2.0
372,colitis,13,70,152,67,1,0,2,0.6821428571428572,0.9857142857142858,1.0,0.0,-1,1.0,2.0
373,colitis,40,70,151,61,8,0,1,0.6928571428571428,0.9857142857142858,1.0,0.0,-1,1.0,2.0
374,colitis,84,70,152,51,19,0,0,0.7642857142857142,0.9857142857142858,1.0,0.0,-1,1.0,2.0
375,colitis,33,70,148,69,1,0,0,0.75,0.9857142857142858,1.0,0.0,-1,1.0,2.0
376,colitis,44,70,152,69,1,0,0,0.6803571428571429,0.93125,1.0,0.0,-1,1.0,2.0
377,colitis,83,70,153,65,5,0,0,0.6559523809523811,0.9205217633928572,1.0,0.0,-1,1.0,2.0
378,colitis,31,70,151,60,9,0,1,0.7214285714285714,0.9857142857142858,1.0,0.0,-1,1.0,2.0
379,colitis,82,70,150,68,2,0,0,0.7142857142857143,0.9857142857142858,1.0,0.0,-1,1.0,2.0
380,colitis,32,70,149,67,2,0,1,0.6057142857142858,0.9457868303571428,1.0,0.0,-1,1.0,2.0
381,colitis,81,70,152,63,7,0,0,0.7714285714285715,0.9714006696428571,1.0,0.0,-1,1.0,2.0
382,colitis,12,70,151,62,8,0,0,0.7285714285714285,0.9857142857142858,1.0,0.0,-1,1.0,2.0
383,colitis,80,70,150,60,8,0,2,0.7285714285714285,0.9857142857142858,1.0,0.0,-1,1.0,2.0
384,colitis,48,70,152,62,8,0,0,0.7357142857142858,0.97490234375,1.0,0.0,-1,1.0,2.0
385,colitis,11,70,150,60,9,0,1,0.6339285714285714,0.9188895089285715,1.0,0.0,-1,1.0,2.0
386,colitis,79,70,152,65,5,0,0,0.7071428571428572,0.9714285714285714,1.0,0.0,-1,1.0,2.0
387,colitis,42,70,148,64,5,0,1,0.6771428571428572,0.9200753348214286,1.0,0.0,-1,1.0,2.0
388,colitis,78,70,150,62,4,0,4,0.675,0.9431780133928571,1.0,0.0,-1,1.0,2.0
389,colitis,43,70,153,67,3,0,0,0.7642857142857142,0.9857142857142858,1.0,0.0,-1,1.0,2.0
390,colitis,30,70,150,67,2,0,1,0.6723214285714286,0.9193638392857143,1.0,0.0,-1,1.0,2.0
391,colitis,49,70,153,63,7,0,0,0.6785714285714286,0.9714285714285714,1.0,0.0,-1,1.0,2.0
392,colitis,77,70,152,61,6,0,3,0.725,0.95615234375,0.5,0.25,1.0,1.0,2.0
393,colitis,10,70,150,64,5,0,1,0.6357142857142857,0.9100446428571428,1.0,0.0,-1,1.0,2.0
394,colitis,6,70,151,66,3,0,1,0.7303571428571428,0.9281668526785715,1.0,0.0,-1,1.0,2.0
395,colitis,29,70,150,67,3,0,0,0.7428571428571429,0.9857142857142858,1.0,0.0,-1,1.0,2.0
396,colitis,5,70,151,67,2,0,1,0.6535714285714286,0.9336216517857143,1.0,0.0,-1,1.0,2.0
397,colitis,1,70,151,65,3,0,2,0.7321428571428571,0.9377371651785714,1.0,0.0,-1,1.0,2.0
398,colitis,76,70,150,58,11,0,1,0.7428571428571429,0.9857142857142858,1.0,0.0,-1,1.0,2.0
399,colitis,37,70,151,64,5,0,1,0.6428571428571429,0.9855050223214286,1.0,0.0,-1,1.0,2.0
400,death,54,28,43,22,2,0,4,0.7678571428571429,0.802001953125,0.5,0.16666666666666666,1.0,3.0,3.0
401,death,68,28,44,21,6,0,1,0.6428571428571429,0.8169294084821429,1.0,0.0,-1,3.0,3.0
402,death,67,28,42,23,3,0,2,0.7678571428571429,0.8922293526785714,1.0,0.0,-1,3.0,3.0
403,death,41,28,44,28,0,0,0,0.625,0.7934221540178571,1.0,0.0,-1,3.0,3.0
404,death,52,28,44,25,2,0,1,0.7321428571428571,0.8928571428571429,1.0,0.0,-1,3.0,3.0
405,death,66,28,44,20,3,0,5,0.7321428571428571,0.8699428013392857,0.5,0.16666666666666666,5.0,3.0,3.0
406,death,40,28,44,28,0,0,0,0.7678571428571429,0.865478515625,1.0,0.0,-1,3.0,3.0
407,death,65,28,44,19,5,0,4,0.8035714285714286,0.8555733816964286,0.5,0.16666666666666666,2.6666666666666665,3.0,3.0
408,death,64,28,44,20,3,0,5,0.7678571428571429,0.8928571428571429,0.5,0.16666666666666666,3.0,3.0,3.0
409,death,63,28,44,23,4,0,1,0.7857142857142857,0.8928571428571429,1.0,0.0,-1,3.0,3.0
410,death,44,28,44,23,2,0,3,0.6964285714285714,0.855712890625,0.5,0.16666666666666666,2.0,3.0,3.0
411,death,62,28,44,21,2,1,4,0.6696428571428571,0.7568010602678571,1.0,0.0,-1,3.0,3.0
412,death,39,28,44,23,2,0,3,0.7678571428571429,0.8928571428571429,0.5,0.16666666666666666,9.0,3.0,3.0
413,death,61,28,44,25,1,0,2,0.75,0.8268345424107143,0.0,0.3333333333333333,4.333333333333333,3.0,3.0
414,death,60,28,43,19,4,0,5,0.75,0.8570731026785714,1.0,0.0,-1,3.0,3.0
415,death,55,28,44,11,10,0,7,0.7232142857142857,0.8756277901785714,0.25,0.25,3.0,3.0,3.0
416,death,57,28,44,27,0,0,1,0.7678571428571429,0.8928571428571429,1.0,0.0,-1,3.0,3.0
417,death,42,28,44,24,3,0,1,0.75,0.8928571428571429,1.0,0.0,-1,3.0,3.0
418,death,38,28,44,26,0,0,2,0.6785714285714286,0.8590611049107143,1.0,0.0,-1,3.0,3.0
419,death,43,28,42,11,8,0,9,0.5357142857142857,0.8009905133928571,0.5,0.3333333333333333,4.166666666666667,3.0,3.0
420,death,58,28,44,17,2,0,9,0.75,0.8928571428571429,0.5,0.16666666666666666,4.0,3.0,3.0
421,death,53,28,43,27,0,0,1,0.7053571428571429,0.8928571428571429,1.0,0.0,-1,3.0,3.0
422,death,37,28,44,28,0,0,0,0.7767857142857143,0.8928571428571429,1.0,0.0,-1,3.0,3.0
423,death,59,28,44,25,0,0,3,0.6964285714285714,0.857177734375,1.0,0.0,-1,3.0,3.0
424,death,36,28,44,25,1,0,2,0.7321428571428571,0.8928571428571429,1.0,0.0,-1,3.0,3.0
425,death,56,28,43,18,4,0,6,0.75,0.8928571428571429,0.5,0.16666666666666666,5.666666666666667,3.0,3.0
426,death,25,28,42,27,0,0,1,0.8392857142857143,0.8570731026785714,1.0,0.0,-1,3.0,3.0
427,death,85,28,43,28,0,0,0,0.8392857142857143,0.8578752790178571,1.0,0.0,-1,3.0,3.0
428,death,2,28,43,28,0,0,0,0.8214285714285714,0.8928571428571429,1.0,0.0,-1,3.0,3.0
429,death,35,28,44,21,2,0,5,0.6607142857142857,0.8928571428571429,0.5,0.16666666666666666,1.6666666666666667,3.0,3.0
430,death,84,28,43,28,0,0,0,0.75,0.8661411830357143,1.0,0.0,-1,3.0,3.0
431,death,10,28,43,17,7,0,4,0.8035714285714286,0.8568987165178571,0.5,0.16666666666666666,3.3333333333333335,3.0,3.0
432,death,3,28,43,23,4,0,1,0.7053571428571429,0.8928571428571429,1.0,0.0,-1,3.0,3.0
433,death,50,28,43,28,0,0,0,0.8214285714285714,0.8928571428571429,1.0,0.0,-1,3.0,3.0
434,death,13,28,44,24,3,0,1,0.7232142857142857,0.8928571428571429,1.0,0.0,-1,3.0,3.0
435,death,83,28,42,18,6,0,4,0.5892857142857143,0.8571428571428571,1.0,0.0,-1,3.0,3.0
436,death,32,28,42,28,0,0,0,0.6696428571428571,0.8716169084821429,1.0,0.0,-1,3.0,3.0
437,death,26,28,44,15,3,0,10,0.75,0.8702915736607143,0.25,0.3333333333333333,1.5,3.0,3.0
438,death,9,28,43,9,6,0,13,0.6071428571428571,0.8663504464285714,0.5,0.25,5.4,3.0,3.0
439,death,49,28,44,28,0,0,0,0.8571428571428571,0.871826171875,1.0,0.0,-1,3.0,3.0
440,death,99,28,42,28,0,0,0,0.75,0.8928571428571429,1.0,0.0,-1,3.0,3.0
441,death,82,28,43,21,2,0,5,0.7053571428571429,0.8080008370535714,0.5,0.16666666666666666,1.3333333333333333,3.0,3.0
442,death,8,28,43,17,4,0,7,0.6071428571428571,0.7421875,1.0,0.0,-1,3.0,3.0
443,death,23,28,43,28,0,0,0,0.6517857142857143,0.8928571428571429,1.0,0.0,-1,3.0,3.0
444,death,14,28,43,26,0,0,2,0.7767857142857143,0.8928571428571429,1.0,0.0,-1,3.0,3.0
445,death,12,28,43,24,2,0,2,0.4642857142857143,0.7273995535714286,1.0,0.0,-1,3.0,3.0
446,death,98,28,43,24,2,0,2,0.75,0.8928571428571429,1.0,0.0,-1,3.0,3.0
447,death,11,28,43,25,2,0,1,0.8214285714285714,0.8928571428571429,1.0,0.0,-1,3.0,3.0
448,death,81,28,44,12,6,0,10,0.35912698412698413,0.7979561941964286,0.0,0.3333333333333333,1.0,3.0,3.0
449,death,17,28,44,17,4,0,7,0.8035714285714286,0.8928571428571429,0.5,0.16666666666666666,1.3333333333333333,3.0,3.0
450,death,31,28,43,25,1,0,2,0.7321428571428571,0.8928571428571429,0.0,0.3333333333333333,1.3333333333333333,3.0,3.0
451,death,19,28,44,16,6,2,4,0.6785714285714286,0.820556640625,0.5,0.16666666666666666,5.0,3.0,3.0
452,death,7,28,44,10,7,1,10,0.7142857142857143,0.8928571428571429,0.0,0.4166666666666667,1.3076923076923077,3.0,3.0
453,death,97,28,44,22,5,0,1,0.5595238095238095,0.7097865513392857,1.0,0.0,-1,3.0,3.0
454,death,80,28,44,28,0,0,0,0.875,0.8561314174107143,1.0,0.0,-1,3.0,3.0
455,death,96,28,43,28,0,0,0,0.8125,0.8928571428571429,1.0,0.0,-1,3.0,3.0
456,death,79,28,44,21,3,0,4,0.75,0.8566545758928571,0.75,0.08333333333333333,1.3333333333333333,3.0,3.0
457,death,24,28,42,25,1,0,2,0.7321428571428571,0.8571428571428571,0.0,0.3333333333333333,1.0,3.0,3.0
458,death,95,28,44,27,0,0,1,0.8214285714285714,0.8928571428571429,1.0,0.0,-1,3.0,3.0
459,death,33,28,43,18,8,0,2,0.75,0.8928571428571429,1.0,0.0,-1,3.0,3.0
460,death,78,28,44,27,0,0,1,0.8035714285714286,0.8121512276785714,1.0,0.0,-1,3.0,3.0
461,death,94,28,44,22,3,0,3,0.7142857142857143,0.8928571428571429,1.0,0.0,-1,3.0,3.0
462,death,15,28,43,22,3,0,3,0.7678571428571429,0.8573172433035714,1.0,0.0,-1,3.0,3.0
463,death,6,28,44,20,3,0,5,0.75,0.8928571428571429,0.5,0.16666666666666666,10.333333333333334,3.0,3.0
464,death,77,28,44,17,4,0,7,0.6964285714285714,0.8928571428571429,0.0,0.3333333333333333,9.333333333333334,3.0,3.0
465,death,0,28,42,16,6,1,5,0.75,0.8928571428571429,1.0,0.0,-1,3.0,3.0
466,death,93,28,43,20,3,0,5,0.7857142857142857,0.8928571428571429,0.25,0.25,1.3333333333333333,3.0,3.0
467,death,76,28,43,19,7,0,2,0.8035714285714286,0.8928571428571429,1.0,0.0,-1,3.0,3.0
468,death,92,28,44,23,0,0,5,0.5714285714285714,0.8289271763392857,1.0,0.0,-1,3.0,3.0
469,death,75,28,44,18,4,0,6,0.7559523809523808,0.8928571428571429,0.5,0.16666666666666666,2.0,3.0,3.0
470,death,45,28,43,27,0,0,1,0.8035714285714286,0.8928571428571429,1.0,0.0,-1,3.0,3.0
471,death,16,28,43,22,2,0,4,0.75,0.8928571428571429,1.0,0.0,-1,3.0,3.0
472,death,4,28,44,22,1,0,5,0.6964285714285714,0.7758091517857143,0.5,0.16666666666666666,4.333333333333333,3.0,3.0
473,death,47,28,44,21,5,0,2,0.7321428571428571,0.833740234375,0.5,0.16666666666666666,4.666666666666667,3.0,3.0
474,death,91,28,43,19,5,0,4,0.7232142857142857,0.8928571428571429,0.5,0.16666666666666666,3.6666666666666665,3.0,3.0
475,death,30,28,43,21,1,0,6,0.6607142857142857,0.86669921875,0.5,0.16666666666666666,1.3333333333333333,3.0,3.0
476,death,74,28,41,28,0,0,0,0.8035714285714286,0.8782784598214286,1.0,0.0,-1,3.0,3.0
477,death,28,28,44,27,0,0,1,0.8214285714285714,0.8921944754464286,1.0,0.0,-1,3.0,3.0
478,death,51,28,44,28,0,0,0,0.6071428571428571,0.7459193638392857,1.0,0.0,-1,3.0,3.0
479,death,20,28,44,28,0,0,0,0.7946428571428571,0.8928571428571429,1.0,0.0,-1,3.0,3.0
480,death,29,28,44,25,1,0,2,0.7321428571428571,0.8745814732142857,1.0,0.0,-1,3.0,3.0
481,death,90,28,43,19,5,0,4,0.5178571428571429,0.8513532366071429,1.0,0.0,-1,3.0,3.0
482,death,73,28,44,16,9,0,3,0.46130952380952384,0.6933244977678571,0.5,0.16666666666666666,3.0,3.0,3.0
483,death,1,28,43,23,3,0,2,0.6785714285714286,0.8229282924107143,1.0,0.0,-1,3.0,3.0
484,death,89,28,40,28,0,0,0,0.8035714285714286,0.8928571428571429,1.0,0.0,-1,3.0,3.0
485,death,72,28,43,28,0,0,0,0.7678571428571429,0.8422502790178571,1.0,0.0,-1,3.0,3.0
486,death,22,28,42,28,0,0,0,0.7678571428571429,0.8221261160714286,1.0,0.0,-1,3.0,3.0
487,death,21,28,43,19,5,0,4,0.6964285714285714,0.8860212053571429,0.5,0.16666666666666666,8.666666666666666,3.0,3.0
488,death,18,28,43,26,0,0,2,0.6547619047619048,0.8643624441964286,1.0,0.0,-1,3.0,3.0
489,death,88,28,44,18,3,1,6,0.75,0.8573521205357143,0.5,0.16666666666666666,2.0,3.0,3.0
490,death,71,28,44,16,4,0,8,0.5833333333333334,0.7583356584821429,0.5,0.16666666666666666,18.333333333333332,3.0,3.0
491,death,48,28,42,28,0,0,0,0.7321428571428571,0.8214285714285714,1.0,0.0,-1,3.0,3.0
492,death,87,28,44,18,6,0,4,0.7857142857142857,0.8928571428571429,0.5,0.16666666666666666,4.666666666666667,3.0,3.0
493,death,70,28,42,12,6,0,10,0.7678571428571429,0.8928571428571429,0.125,0.4166666666666667,2.090909090909091,3.0,3.0
494,death,27,28,43,28,0,0,0,0.8035714285714286,0.8928571428571429,1.0,0.0,-1,3.0,3.0
495,death,34,28,43,24,2,0,2,0.6071428571428571,0.8928571428571429,1.0,0.0,-1,3.0,3.0
496,death,5,28,44,23,2,0,3,0.6607142857142857,0.8112444196428571,0.5,0.16666666666666666,2.5,3.0,3.0
497,death,46,28,42,22,1,0,5,0.6428571428571429,0.8928571428571429,0.0,0.3333333333333333,1.0,3.0,3.0
498,death,86,28,44,22,2,0,4,0.5535714285714286,0.8565150669642857,0.5,0.16666666666666666,7.333333333333333,3.0,3.0
499,death,69,28,43,27,0,0,1,0.7857142857142857,0.8928571428571429,1.0,0.0,-1,3.0,3.0
500,hcc1954_short,95,16,33,3,6,0,7,0.53125,0.58599853515625,0.3125,0.6875,8.2,5.0,1.0
501,hcc1954_short,94,16,34,13,2,0,1,0.6875,0.65625,0.0,1.0,6.0,5.0,1.0
502,hcc1954_short,31,16,33,6,5,0,5,0.5625,0.6875,0.5,0.5,14.0,5.0,1.0
503,hcc1954_short,32,16,33,16,0,0,0,0.796875,0.6875,1.0,0.0,-1,5.0,1.0
504,hcc1954_short,93,16,32,8,4,0,4,0.59375,0.6875,0.375,0.625,6.6,5.0,1.0
505,hcc1954_short,92,16,32,16,0,0,0,0.53125,0.647705078125,1.0,0.0,-1,5.0,1.0
506,hcc1954_short,91,16,35,3,5,0,8,0.65625,0.660888671875,0.25,0.75,6.0,5.0,1.0
507,hcc1954_short,90,16,33,8,3,0,5,0.703125,0.68328857421875,0.125,0.875,5.4,5.0,1.0
508,hcc1954_short,89,16,32,6,6,3,1,0.71875,0.64300537109375,1.0,0.0,-1,5.0,1.0
509,hcc1954_short,5,16,32,8,5,0,3,0.65625,0.5823974609375,0.125,0.875,8.4,5.0,1.0
510,hcc1954_short,88,16,31,6,6,0,4,0.78125,0.623779296875,0.25,0.75,4.8,5.0,1.0
511,hcc1954_short,33,16,32,13,2,0,1,0.71875,0.6875,1.0,0.0,-1,5.0,1.0
512,hcc1954_short,87,16,31,16,0,0,0,0.78125,0.6875,1.0,0.0,-1,5.0,1.0
513,hcc1954_short,52,16,33,12,1,0,3,0.65625,0.596435546875,0.0,1.0,1.0,5.0,1.0
514,hcc1954_short,86,16,33,6,4,0,6,0.5625,0.59967041015625,0.5,0.5,6.0,5.0,1.0
515,hcc1954_short,4,16,31,9,2,0,5,0.515625,0.590087890625,0.5,0.5,4.8,5.0,1.0
516,hcc1954_short,53,16,32,16,0,0,0,0.75,0.6875,1.0,0.0,-1,5.0,1.0
517,hcc1954_short,85,16,35,11,3,0,2,0.5,0.61627197265625,1.0,0.0,-1,5.0,1.0
518,hcc1954_short,84,16,33,16,0,0,0,0.78125,0.6875,1.0,0.0,-1,5.0,1.0
519,hcc1954_short,83,16,33,8,5,0,3,0.65625,0.61810302734375,0.25,0.75,3.4,5.0,1.0
520,hcc1954_short,99,16,31,3,4,0,9,0.484375,0.61981201171875,0.6875,0.3125,5.6,5.0,1.0
521,hcc1954_short,82,16,33,16,0,0,0,0.625,0.602294921875,1.0,0.0,-1,5.0,1.0
522,hcc1954_short,2,16,31,14,0,0,2,0.59375,0.6875,0.0,1.0,1.0,5.0,1.0
523,hcc1954_short,98,16,34,6,6,0,4,0.53125,0.6875,0.125,0.875,12.6,5.0,1.0
524,hcc1954_short,81,16,34,5,6,0,5,0.75,0.669189453125,0.3125,0.6875,13.8,5.0,1.0
525,hcc1954_short,1,16,33,16,0,0,0,0.359375,0.51751708984375,1.0,0.0,-1,5.0,1.0
526,hcc1954_short,97,16,31,16,0,0,0,0.59375,0.65155029296875,1.0,0.0,-1,5.0,1.0
527,hcc1954_short,34,16,31,5,5,0,6,0.609375,0.5419921875,0.46875,0.53125,6.2,5.0,1.0
528,hcc1954_short,3,16,32,13,1,0,2,0.59375,0.63995361328125,0.0,1.0,2.8,5.0,1.0
529,hcc1954_short,80,16,33,8,3,0,5,0.84375,0.65948486328125,0.25,0.75,14.0,5.0,1.0
530,hcc1954_short,96,16,32,9,1,0,6,0.625,0.675048828125,0.75,0.25,3.4,5.0,1.0
531,hcc1954_short,79,16,33,10,3,0,3,0.5,0.65655517578125,0.5,0.5,3.6,5.0,1.0
532,hcc1954_short,13,16,33,13,2,0,1,0.53125,0.65411376953125,0.0,1.0,12.0,5.0,1.0
533,hcc1954_short,62,16,33,4,7,0,5,0.484375,0.6490478515625,0.1875,0.8125,6.8,5.0,1.0
534,hcc1954_short,28,16,34,10,3,0,3,0.78125,0.6875,0.375,0.625,6.2,5.0,1.0
535,hcc1954_short,78,16,33,12,1,0,3,0.65625,0.65667724609375,0.5,0.5,8.4,5.0,1.0
536,hcc1954_short,61,16,34,5,3,0,8,0.3229166666666667,0.4443359375,0.875,0.125,14.2,5.0,1.0
537,hcc1954_short,21,16,34,7,5,0,4,0.5,0.65814208984375,0.5,0.5,6.4,5.0,1.0
538,hcc1954_short,77,16,32,14,2,0,0,0.8125,0.67523193359375,1.0,0.0,-1,5.0,1.0
539,hcc1954_short,50,16,32,8,5,0,3,0.6875,0.6746826171875,0.25,0.75,17.0,5.0,1.0
540,hcc1954_short,39,16,35,16,0,0,0,0.6875,0.6337890625,1.0,0.0,-1,5.0,1.0
541,hcc1954_short,60,16,34,16,0,0,0,0.84375,0.6236572265625,1.0,0.0,-1,5.0,1.0
542,hcc1954_short,7,16,31,10,1,0,5,0.375,0.62774658203125,0.75,0.25,3.0,5.0,1.0
543,hcc1954_short,29,16,32,11,1,0,4,0.84375,0.65582275390625,0.5,0.5,10.2,5.0,1.0
544,hcc1954_short,46,16,33,6,6,0,4,0.71875,0.6875,0.125,0.875,3.4,5.0,1.0
545,hcc1954_short,76,16,32,16,0,0,0,0.6875,0.65130615234375,1.0,0.0,-1,5.0,1.0
546,hcc1954_short,23,16,31,12,1,0,3,0.5,0.6083984375,0.0,1.0,1.3333333333333333,5.0,1.0
547,hcc1954_short,16,16,34,11,2,0,3,0.71875,0.6318359375,0.5,0.5,5.0,5.0,1.0
548,hcc1954_short,38,16,31,10,3,0,3,0.46875,0.6875,0.5,0.5,6.6,5.0,1.0
549,hcc1954_short,75,16,32,10,3,0,3,0.4375,0.6546630859375,0.5,0.5,2.8,5.0,1.0
550,hcc1954_short,47,16,29,16,0,0,0,0.421875,0.58929443359375,1.0,0.0,-1,5.0,1.0
551,hcc1954_short,35,16,30,14,1,0,1,0.65625,0.6875,1.0,0.0,-1,5.0,1.0
552,hcc1954_short,24,16,33,13,2,0,1,0.78125,0.6875,0.0,1.0,10.2,5.0,1.0
553,hcc1954_short,54,16,31,14,1,0,1,0.47916666666666663,0.669189453125,1.0,0.0,-1,5.0,1.0
554,hcc1954_short,36,16,32,4,4,0,8,0.4375,0.61773681640625,0.5625,0.4375,8.4,5.0,1.0
555,hcc1954_short,74,16,33,16,0,0,0,0.4375,0.67059326171875,1.0,0.0,-1,5.0,1.0
556,hcc1954_short,6,16,33,10,5,0,1,0.46875,0.646728515625,0.0,1.0,11.4,5.0,1.0
557,hcc1954_short,55,16,34,8,5,0,3,0.578125,0.56854248046875,0.25,0.75,4.4,5.0,1.0
558,hcc1954_short,73,16,30,16,0,0,0,0.8125,0.6875,1.0,0.0,-1,5.0,1.0
559,hcc1954_short,14,16,33,2,7,0,7,0.28125,0.59423828125,0.375,0.625,5.8,5.0,1.0
560,hcc1954_short,37,16,32,12,2,0,2,0.53125,0.567138671875,1.0,0.0,-1,5.0,1.0
561,hcc1954_short,43,16,32,16,0,0,0,0.65625,0.6650390625,1.0,0.0,-1,5.0,1.0
562,hcc1954_short,72,16,34,5,4,0,7,0.65625,0.6875,0.0625,0.9375,7.2,5.0,1.0
563,hcc1954_short,12,16,35,16,0,0,0,0.4375,0.63262939453125,1.0,0.0,-1,5.0,1.0
564,hcc1954_short,20,16,32,7,6,0,3,0.875,0.637939453125,0.25,0.75,8.6,5.0,1.0
565,hcc1954_short,0,16,35,5,4,0,7,0.625,0.62713623046875,0.375,0.625,15.0,5.0,1.0
566,hcc1954_short,40,16,33,16,0,0,0,0.59375,0.6358642578125,1.0,0.0,-1,5.0,1.0
567,hcc1954_short,71,16,31,9,5,0,2,0.65625,0.62548828125,0.25,0.75,11.4,5.0,1.0
568,hcc1954_short,45,16,33,16,0,0,0,0.546875,0.6539306640625,1.0,0.0,-1,5.0,1.0
569,hcc1954_short,70,16,31,6,5,0,5,0.75,0.67120361328125,0.375,0.625,4.4,5.0,1.0
570,hcc1954_short,44,16,33,10,2,0,4,0.71875,0.65380859375,0.25,0.75,3.8,5.0,1.0
571,hcc1954_short,22,16,32,4,6,0,6,0.5703125,0.6260986328125,0.25,0.75,8.4,5.0,1.0
572,hcc1954_short,57,16,32,12,1,0,3,0.71875,0.6875,0.5,0.5,11.8,5.0,1.0
573,hcc1954_short,8,16,35,8,3,0,5,0.59375,0.62884521484375,0.5,0.5,9.6,5.0,1.0
574,hcc1954_short,69,16,32,13,1,0,2,0.71875,0.6875,0.0,1.0,1.0,5.0,1.0
575,hcc1954_short,19,16,35,4,6,0,6,0.640625,0.67999267578125,0.6875,0.3125,2.2,5.0,1.0
576,hcc1954_short,10,16,31,8,3,0,5,0.59375,0.64581298828125,0.25,0.75,2.8,5.0,1.0
577,hcc1954_short,17,16,33,6,6,1,3,0.8125,0.6875,0.5,0.5,7.8,5.0,1.0
578,hcc1954_short,25,16,32,11,5,0,0,0.53125,0.6875,1.0,0.0,-1,5.0,1.0
579,hcc1954_short,68,16,33,9,4,0,3,0.78125,0.65545654296875,0.0625,0.9375,3.0,5.0,1.0
580,hcc1954_short,49,16,33,14,2,0,0,0.5,0.62945556640625,1.0,0.0,-1,5.0,1.0
581,hcc1954_short,56,16,34,8,3,0,5,0.6875,0.6875,0.375,0.625,5.4,5.0,1.0
582,hcc1954_short,26,16,32,6,5,0,5,0.84375,0.63153076171875,0.4375,0.5625,4.0,5.0,1.0
583,hcc1954_short,30,16,32,10,3,0,3,0.46875,0.58294677734375,1.0,0.0,-1,5.0,1.0
584,hcc1954_short,67,16,32,11,3,0,2,0.390625,0.6708984375,1.0,0.0,-1,5.0,1.0
585,hcc1954_short,66,16,32,13,1,0,2,0.75,0.6868896484375,0.5,0.5,3.75,5.0,1.0
586,hcc1954_short,41,16,33,7,6,0,3,0.796875,0.669921875,0.5,0.5,4.6,5.0,1.0
587,hcc1954_short,58,16,29,16,0,0,0,0.53125,0.6339111328125,1.0,0.0,-1,5.0,1.0
588,hcc1954_short,42,16,31,13,1,0,2,0.53125,0.59375,0.5,0.5,4.0,5.0,1.0
589,hcc1954_short,65,16,34,16,0,0,0,0.75,0.67950439453125,1.0,0.0,-1,5.0,1.0
590,hcc1954_short,15,16,33,16,0,0,0,0.6458333333333333,0.68017578125,1.0,0.0,-1,5.0,1.0
591,hcc1954_short,59,16,32,16,0,0,0,0.71875,0.6875,1.0,0.0,-1,5.0,1.0
592,hcc1954_short,18,16,31,7,4,0,5,0.6875,0.6641845703125,0.375,0.625,2.0,5.0,1.0
593,hcc1954_short,64,16,32,2,6,0,8,0.37916666666666665,0.55816650390625,0.46875,0.53125,5.6,5.0,1.0
594,hcc1954_short,11,16,32,15,0,0,1,0.5234375,0.63836669921875,1.0,0.0,-1,5.0,1.0
595,hcc1954_short,27,16,32,13,2,0,1,0.625,0.6168212890625,1.0,0.0,-1,5.0,1.0
596,hcc1954_short,63,16,32,10,2,0,4,0.6875,0.6875,0.75,0.25,3.0,5.0,1.0
597,hcc1954_short,9,16,29,16,0,0,0,0.578125,0.6656494140625,1.0,0.0,-1,5.0,1.0
598,hcc1954_short,48,16,31,12,3,0,1,0.5625,0.6109619140625,0.0,1.0,3.4,5.0,1.0
599,hcc1954_short,51,16,31,4,7,0,5,0.6875,0.49993896484375,0.25,0.75,6.2,5.0,1.0
600,hgf,9,68,102,60,2,0,6,0.7058823529411765,0.9046559053308824,0.5,0.2,7.857142857142857,6.0,5.0
601,hgf,71,68,103,55,5,0,8,0.75,0.9117647058823529,0.25,0.15,34.2,6.0,5.0
602,hgf,87,68,101,57,5,2,4,0.6617647058823529,0.9117647058823529,1.0,0.0,-1,6.0,5.0
603,hgf,70,68,102,56,6,0,6,0.7205882352941176,0.8795525045955882,1.0,0.0,-1,6.0,5.0
604,hgf,86,68,102,57,8,0,3,0.6507352941176471,0.8795237821691176,1.0,0.0,-1,6.0,5.0
605,hgf,8,68,102,62,0,0,6,0.6985294117647058,0.9117647058823529,1.0,0.0,-1,6.0,5.0
606,hgf,21,68,101,49,12,0,7,0.6801470588235294,0.8825109145220589,0.5,0.1,11.25,6.0,5.0
607,hgf,69,68,102,60,4,0,4,0.7095588235294118,0.9066090303308824,1.0,0.0,-1,6.0,5.0
608,hgf,6,68,102,59,4,0,5,0.7132352941176471,0.9117647058823529,1.0,0.0,-1,6.0,5.0
609,hgf,1,68,103,54,11,0,3,0.6838235294117647,0.9052447150735294,0.25,0.15,4.666666666666667,6.0,5.0
610,hgf,85,68,103,63,3,0,2,0.6764705882352942,0.8742101332720589,1.0,0.0,-1,6.0,5.0
611,hgf,20,68,102,65,1,0,2,0.7720588235294118,0.9117647058823529,1.0,0.0,-1,6.0,5.0
612,hgf,68,68,103,58,3,0,7,0.7352941176470589,0.9117647058823529,0.25,0.2,4.0,6.0,5.0
613,hgf,84,68,102,49,10,0,9,0.6783088235294118,0.8814051011029411,0.25,0.2,4.375,6.0,5.0
614,hgf,22,68,101,60,8,0,0,0.7426470588235294,0.8898351332720589,1.0,0.0,-1,6.0,5.0
615,hgf,67,68,102,41,18,0,9,0.75,0.9117647058823529,0.25,0.15,9.666666666666666,6.0,5.0
616,hgf,57,68,103,52,7,0,9,0.7205882352941176,0.8690257352941176,0.5,0.15,9.88888888888889,6.0,5.0
617,hgf,83,68,100,61,2,0,5,0.6936274509803922,0.8676470588235294,0.5,0.1,4.6,6.0,5.0
618,hgf,99,68,101,59,4,0,5,0.6544117647058824,0.8769674862132353,0.5,0.1,4.8,6.0,5.0
619,hgf,66,68,102,64,3,0,1,0.75,0.9117647058823529,1.0,0.0,-1,6.0,5.0
620,hgf,82,68,102,60,6,0,2,0.75,0.9046415441176471,1.0,0.0,-1,6.0,5.0
621,hgf,98,68,103,55,9,2,2,0.7291666666666666,0.8881405101102942,1.0,0.0,-1,6.0,5.0
622,hgf,65,68,102,53,9,1,5,0.6066176470588235,0.8827694163602942,0.5,0.1,7.833333333333333,6.0,5.0
623,hgf,81,68,103,52,10,0,6,0.7022058823529411,0.9117647058823529,0.5,0.1,26.666666666666668,6.0,5.0
624,hgf,97,68,102,43,14,0,11,0.7205882352941176,0.9117647058823529,0.125,0.175,2.0,6.0,5.0
625,hgf,64,68,103,58,5,0,5,0.7205882352941176,0.8908978630514706,1.0,0.0,-1,6.0,5.0
626,hgf,80,68,100,63,4,0,1,0.7316176470588235,0.8823529411764706,1.0,0.0,-1,6.0,5.0
627,hgf,23,68,103,48,12,0,8,0.7573529411764706,0.9046559053308824,0.5,0.2,4.545454545454546,6.0,5.0
628,hgf,4,68,103,46,13,0,9,0.6985294117647058,0.9117647058823529,1.0,0.0,-1,6.0,5.0
629,hgf,63,68,102,38,20,0,10,0.7058823529411765,0.9117647058823529,0.8125,0.0375,5.0,6.0,5.0
630,hgf,96,68,103,39,13,0,16,0.6470588235294118,0.8887867647058824,0.0,0.3375,3.234567901234568,6.0,5.0
631,hgf,79,68,103,63,4,0,1,0.7389705882352942,0.8907542509191176,1.0,0.0,-1,6.0,5.0
632,hgf,2,68,102,59,4,0,5,0.7279411764705882,0.9117647058823529,1.0,0.0,-1,6.0,5.0
633,hgf,5,68,102,57,4,0,7,0.6985294117647058,0.9117647058823529,0.0,0.3,6.583333333333333,6.0,5.0
634,hgf,3,68,101,41,19,0,8,0.7647058823529411,0.8455882352941176,0.125,0.25,1.2857142857142858,6.0,5.0
635,hgf,95,68,102,58,3,0,7,0.7034313725490196,0.9117647058823529,1.0,0.0,-1,6.0,5.0
636,hgf,62,68,103,52,15,0,1,0.7352941176470589,0.9117647058823529,1.0,0.0,-1,6.0,5.0
637,hgf,78,68,103,50,10,0,8,0.7279411764705882,0.9117647058823529,0.5,0.1,13.166666666666666,6.0,5.0
638,hgf,94,68,103,51,5,0,12,0.7867647058823529,0.9117647058823529,0.5,0.1,25.0,6.0,5.0
639,hgf,77,68,103,58,6,1,3,0.7426470588235294,0.9003044577205882,0.0,0.2,1.0,6.0,5.0
640,hgf,61,68,103,62,3,1,2,0.7647058823529411,0.9117647058823529,1.0,0.0,-1,6.0,5.0
641,hgf,7,68,102,52,12,3,1,0.7058823529411765,0.8823529411764706,1.0,0.0,-1,6.0,5.0
642,hgf,93,68,102,54,7,0,7,0.7536764705882353,0.8970588235294118,0.25,0.15,7.6,6.0,5.0
643,hgf,76,68,102,65,2,0,1,0.8308823529411765,0.9117647058823529,1.0,0.0,-1,6.0,5.0
644,hgf,60,68,101,61,4,0,3,0.7573529411764706,0.8932387408088235,1.0,0.0,-1,6.0,5.0
645,hgf,56,68,102,60,5,0,3,0.7205882352941176,0.9117647058823529,0.0,0.2,1.0,6.0,5.0
646,hgf,11,68,102,43,15,0,10,0.7230392156862746,0.8911850873161765,0.25,0.2,1.875,6.0,5.0
647,hgf,92,68,101,49,6,0,13,0.7647058823529411,0.8972311580882353,0.25,0.2,3.9,6.0,5.0
648,hgf,75,68,103,59,5,0,4,0.7132352941176471,0.9117647058823529,1.0,0.0,-1,6.0,5.0
649,hgf,58,68,102,58,3,1,6,0.6470588235294118,0.9044404871323529,1.0,0.0,-1,6.0,5.0
650,hgf,91,68,101,48,10,4,6,0.7058823529411765,0.9117647058823529,1.0,0.0,-1,6.0,5.0
651,hgf,74,68,100,54,10,0,4,0.7058823529411765,0.8878820082720589,1.0,0.0,-1,6.0,5.0
652,hgf,90,68,102,57,5,0,6,0.7389705882352942,0.8907686121323529,0.0,0.2,11.0,6.0,5.0
653,hgf,73,68,102,54,12,0,2,0.7352941176470589,0.9117647058823529,0.5,0.1,5.333333333333333,6.0,5.0
654,hgf,24,68,100,54,10,0,4,0.7132352941176471,0.9117647058823529,0.5,0.1,1.4,6.0,5.0
655,hgf,89,68,103,53,7,0,8,0.7647058823529411,0.9031192555147058,0.25,0.3,1.625,6.0,5.0
656,hgf,72,68,102,60,7,0,1,0.7205882352941176,0.9117647058823529,1.0,0.0,-1,6.0,5.0
657,hgf,59,68,101,65,3,0,0,0.7941176470588235,0.9117647058823529,1.0,0.0,-1,6.0,5.0
658,hgf,10,68,102,51,13,1,3,0.6617647058823529,0.88134765625,0.5,0.1,8.0,6.0,5.0
659,hgf,88,68,102,38,16,0,14,0.7254901960784313,0.9117647058823529,0.0625,0.425,6.444444444444445,6.0,5.0
660,hgf,14,68,102,47,15,0,6,0.7132352941176471,0.9117647058823529,1.0,0.0,-1,6.0,5.0
661,hgf,34,68,103,62,5,0,1,0.7426470588235294,0.9117647058823529,1.0,0.0,-1,6.0,5.0
662,hgf,18,68,103,60,6,0,2,0.7132352941176471,0.9117647058823529,1.0,0.0,-1,6.0,5.0
663,hgf,54,68,103,64,4,0,0,0.7132352941176471,0.9117647058823529,1.0,0.0,-1,6.0,5.0
664,hgf,55,68,103,58,4,0,6,0.7352941176470589,0.8843204273897058,0.5,0.1,11.6,6.0,5.0
665,hgf,47,68,100,65,2,0,1,0.7205882352941176,0.9117647058823529,1.0,0.0,-1,6.0,5.0
666,hgf,16,68,101,48,12,0,8,0.6617647058823529,0.8847799862132353,0.5,0.1,8.166666666666666,6.0,5.0
667,hgf,38,68,102,56,9,0,3,0.7352941176470589,0.8999167049632353,1.0,0.0,-1,6.0,5.0
668,hgf,30,68,102,44,19,2,3,0.7426470588235294,0.9117647058823529,1.0,0.0,-1,6.0,5.0
669,hgf,45,68,101,44,15,0,9,0.7205882352941176,0.9117647058823529,0.0,0.4,1.5,6.0,5.0
670,hgf,12,68,102,58,6,0,4,0.7389705882352942,0.8823529411764706,1.0,0.0,-1,6.0,5.0
671,hgf,49,68,102,60,4,0,4,0.7132352941176471,0.9117647058823529,1.0,0.0,-1,6.0,5.0
672,hgf,48,68,103,63,3,0,2,0.75,0.9117647058823529,1.0,0.0,-1,6.0,5.0
673,hgf,35,68,103,63,3,0,2,0.8125,0.8708926930147058,0.5,0.1,15.75,6.0,5.0
674,hgf,0,68,103,56,10,1,1,0.6783088235294118,0.8479578354779411,1.0,0.0,-1,6.0,5.0
675,hgf,44,68,102,59,7,0,2,0.7720588235294118,0.9117647058823529,1.0,0.0,-1,6.0,5.0
676,hgf,29,68,102,62,3,0,3,0.7297794117647058,0.8837316176470589,0.5,0.1,2.3333333333333335,6.0,5.0
677,hgf,52,68,100,63,4,0,1,0.75,0.9117647058823529,1.0,0.0,-1,6.0,5.0
678,hgf,27,68,102,61,5,0,2,0.8088235294117647,0.8694709329044118,1.0,0.0,-1,6.0,5.0
679,hgf,28,68,103,62,4,0,2,0.7941176470588235,0.895263671875,1.0,0.0,-1,6.0,5.0
680,hgf,51,68,102,61,5,0,2,0.7610294117647058,0.9117647058823529,1.0,0.0,-1,6.0,5.0
681,hgf,37,68,103,61,5,0,2,0.6911764705882353,0.8823529411764706,1.0,0.0,-1,6.0,5.0
682,hgf,42,68,102,63,2,0,3,0.7426470588235294,0.8967715992647058,1.0,0.0,-1,6.0,5.0
683,hgf,17,68,100,61,4,0,3,0.7022058823529411,0.8938419117647058,0.5,0.1,4.333333333333333,6.0,5.0
684,hgf,43,68,103,62,4,0,2,0.8014705882352942,0.9117647058823529,1.0,0.0,-1,6.0,5.0
685,hgf,32,68,102,52,9,0,7,0.7132352941176471,0.9117647058823529,0.125,0.25,14.3,6.0,5.0
686,hgf,15,68,102,54,11,0,3,0.7426470588235294,0.9117647058823529,1.0,0.0,-1,6.0,5.0
687,hgf,33,68,102,50,11,1,6,0.6911764705882353,0.8624052159926471,0.5,0.1,6.75,6.0,5.0
688,hgf,53,68,101,62,2,0,4,0.7389705882352942,0.8779440487132353,1.0,0.0,-1,6.0,5.0
689,hgf,46,68,101,54,9,0,5,0.7689950980392157,0.9117647058823529,0.5,0.1,7.333333333333333,6.0,5.0
690,hgf,25,68,103,63,1,0,4,0.7169117647058824,0.9117647058823529,1.0,0.0,-1,6.0,5.0
691,hgf,13,68,103,61,5,0,2,0.7205882352941176,0.9117647058823529,1.0,0.0,-1,6.0,5.0
692,hgf,39,68,101,61,6,0,1,0.7536764705882353,0.9117647058823529,1.0,0.0,-1,6.0,5.0
693,hgf,19,68,101,59,7,0,2,0.7132352941176471,0.9117647058823529,1.0,0.0,-1,6.0,5.0
694,hgf,36,68,100,65,1,0,2,0.7389705882352942,0.9117647058823529,1.0,0.0,-1,6.0,5.0
695,hgf,41,68,102,64,0,0,4,0.7794117647058824,0.9117647058823529,1.0,0.0,-1,6.0,5.0
696,hgf,26,68,101,57,9,0,2,0.7352941176470589,0.8935259650735294,1.0,0.0,-1,6.0,5.0
697,hgf,50,68,102,56,7,0,5,0.7647058823529411,0.9117647058823529,1.0,0.0,-1,6.0,5.0
698,hgf,31,68,100,62,3,0,3,0.7389705882352942,0.9117647058823529,1.0,0.0,-1,6.0,5.0
699,hgf,40,68,103,56,11,0,1,0.7352941176470589,0.8848230698529411,1.0,0.0,-1,6.0,5.0
700,mammalian,99,20,48,20,0,0,0,0.775,0.896875,1.0,0.0,-1,1.0,1.0
701,mammalian,82,20,49,20,0,0,0,0.75,0.887646484375,1.0,0.0,-1,1.0,1.0
702,mammalian,65,20,48,17,2,0,1,0.725,0.762890625,1.0,0.0,-1,1.0,1.0
703,mammalian,98,20,49,15,5,0,0,0.7375,0.8990234375,1.0,0.0,-1,1.0,1.0
704,mammalian,81,20,48,19,0,0,1,0.675,0.90068359375,1.0,0.0,-1,1.0,1.0
705,mammalian,64,20,49,20,0,0,0,0.575,0.848974609375,1.0,0.0,-1,1.0,1.0
706,mammalian,97,20,49,11,8,1,0,0.7875,0.94970703125,1.0,0.0,-1,1.0,1.0
707,mammalian,6,20,47,18,2,0,0,0.625,0.899609375,1.0,0.0,-1,1.0,1.0
708,mammalian,80,20,48,17,3,0,0,0.425,0.80537109375,1.0,0.0,-1,1.0,1.0
709,mammalian,50,20,48,17,3,0,0,0.39037545787545785,0.948876953125,1.0,0.0,-1,1.0,1.0
710,mammalian,63,20,49,20,0,0,0,0.825,0.95,1.0,0.0,-1,1.0,1.0
711,mammalian,96,20,48,15,5,0,0,0.575,0.95,1.0,0.0,-1,1.0,1.0
712,mammalian,79,20,50,14,4,0,2,0.4,0.846240234375,1.0,0.0,-1,1.0,1.0
713,mammalian,62,20,49,18,1,0,1,0.7,0.95,1.0,0.0,-1,1.0,1.0
714,mammalian,95,20,47,17,3,0,0,0.3833333333333333,0.838916015625,1.0,0.0,-1,1.0,1.0
715,mammalian,78,20,48,9,6,0,5,0.4625,0.821484375,0.5,0.5,73.0,1.0,1.0
716,mammalian,61,20,49,13,6,1,0,0.5875,0.95,1.0,0.0,-1,1.0,1.0
717,mammalian,94,20,48,13,7,0,0,0.65,0.95,1.0,0.0,-1,1.0,1.0
718,mammalian,56,20,47,16,4,0,0,0.775,0.95,1.0,0.0,-1,1.0,1.0
719,mammalian,77,20,48,18,1,0,1,0.6125,0.86650390625,1.0,0.0,-1,1.0,1.0
720,mammalian,5,20,48,18,2,0,0,0.625,0.740869140625,1.0,0.0,-1,1.0,1.0
721,mammalian,93,20,49,11,9,0,0,0.75,0.95,1.0,0.0,-1,1.0,1.0
722,mammalian,76,20,49,15,3,0,2,0.5916666666666666,0.854443359375,1.0,0.0,-1,1.0,1.0
723,mammalian,53,20,46,15,1,0,4,0.6375,0.95,0.5,0.5,5.0,1.0,1.0
724,mammalian,92,20,48,18,1,0,1,0.3270833333333333,0.749853515625,1.0,0.0,-1,1.0,1.0
725,mammalian,75,20,50,20,0,0,0,0.4875,0.724853515625,1.0,0.0,-1,1.0,1.0
726,mammalian,25,20,49,20,0,0,0,0.6375,0.95,1.0,0.0,-1,1.0,1.0
727,mammalian,51,20,50,6,7,2,5,0.75,0.83984375,0.5,0.5,32.0,1.0,1.0
728,mammalian,57,20,48,20,0,0,0,0.6833333333333333,0.876318359375,1.0,0.0,-1,1.0,1.0
729,mammalian,91,20,50,16,4,0,0,0.75,0.822119140625,1.0,0.0,-1,1.0,1.0
730,mammalian,26,20,50,14,3,0,3,0.775,0.95,0.5,0.5,19.0,1.0,1.0
731,mammalian,74,20,44,10,7,0,3,0.6125,0.764111328125,0.5,0.5,18.0,1.0,1.0
732,mammalian,59,20,47,17,3,0,0,0.575,0.9103515625,1.0,0.0,-1,1.0,1.0
733,mammalian,90,20,50,16,1,0,3,0.65,0.95,0.5,0.5,3.0,1.0,1.0
734,mammalian,73,20,48,17,2,0,1,0.75,0.871630859375,1.0,0.0,-1,1.0,1.0
735,mammalian,52,20,47,20,0,0,0,0.8,0.95,1.0,0.0,-1,1.0,1.0
736,mammalian,89,20,47,13,7,0,0,0.75,0.91806640625,1.0,0.0,-1,1.0,1.0
737,mammalian,72,20,48,5,12,2,1,0.525,0.81455078125,1.0,0.0,-1,1.0,1.0
738,mammalian,88,20,46,16,4,0,0,0.7625,0.95,1.0,0.0,-1,1.0,1.0
739,mammalian,60,20,48,18,2,0,0,0.675,0.95,1.0,0.0,-1,1.0,1.0
740,mammalian,49,20,48,8,9,0,3,0.775,0.90537109375,1.0,0.0,-1,1.0,1.0
741,mammalian,71,20,48,16,4,0,0,0.725,0.95,1.0,0.0,-1,1.0,1.0
742,mammalian,0,20,49,10,8,2,0,0.65,0.95,1.0,0.0,-1,1.0,1.0
743,mammalian,87,20,48,19,1,0,0,0.825,0.95,1.0,0.0,-1,1.0,1.0
744,mammalian,70,20,48,11,6,1,2,0.775,0.95,1.0,0.0,-1,1.0,1.0
745,mammalian,54,20,50,15,4,1,0,0.4,0.92578125,1.0,0.0,-1,1.0,1.0
746,mammalian,86,20,48,15,4,0,1,0.7,0.835107421875,1.0,0.0,-1,1.0,1.0
747,mammalian,58,20,49,19,1,0,0,0.725,0.882373046875,1.0,0.0,-1,1.0,1.0
748,mammalian,69,20,49,16,4,0,0,0.7,0.95,1.0,0.0,-1,1.0,1.0
749,mammalian,24,20,47,11,6,0,3,0.775,0.949609375,0.5,0.5,9.0,1.0,1.0
750,mammalian,85,20,49,14,4,2,0,0.775,0.94677734375,1.0,0.0,-1,1.0,1.0
751,mammalian,68,20,50,7,10,0,3,0.5833333333333333,0.864794921875,0.5,0.5,40.0,1.0,1.0
752,mammalian,84,20,48,18,2,0,0,0.3666666666666666,0.889892578125,1.0,0.0,-1,1.0,1.0
753,mammalian,67,20,45,13,7,0,0,0.5375,0.733544921875,1.0,0.0,-1,1.0,1.0
754,mammalian,83,20,46,17,3,0,0,0.271875,0.6978515625,1.0,0.0,-1,1.0,1.0
755,mammalian,66,20,49,19,1,0,0,0.7,0.869140625,1.0,0.0,-1,1.0,1.0
756,mammalian,43,20,47,20,0,0,0,0.625,0.866650390625,1.0,0.0,-1,1.0,1.0
757,mammalian,28,20,49,12,8,0,0,0.5977678571428571,0.843212890625,1.0,0.0,-1,1.0,1.0
758,mammalian,46,20,49,20,0,0,0,0.45,0.834716796875,1.0,0.0,-1,1.0,1.0
759,mammalian,34,20,46,17,3,0,0,0.4875,0.835400390625,1.0,0.0,-1,1.0,1.0
760,mammalian,47,20,48,19,0,0,1,0.55,0.786767578125,1.0,0.0,-1,1.0,1.0
761,mammalian,27,20,48,20,0,0,0,0.6,0.890185546875,1.0,0.0,-1,1.0,1.0
762,mammalian,17,20,48,16,4,0,0,0.5,0.802294921875,1.0,0.0,-1,1.0,1.0
763,mammalian,4,20,51,13,7,0,0,0.3342032967032967,0.776904296875,1.0,0.0,-1,1.0,1.0
764,mammalian,11,20,47,14,6,0,0,0.7375,0.95,1.0,0.0,-1,1.0,1.0
765,mammalian,48,20,48,20,0,0,0,0.725,0.8953125,1.0,0.0,-1,1.0,1.0
766,mammalian,21,20,45,16,4,0,0,0.675,0.854296875,1.0,0.0,-1,1.0,1.0
767,mammalian,39,20,46,18,0,0,2,0.5,0.791064453125,1.0,0.0,-1,1.0,1.0
768,mammalian,22,20,46,19,1,0,0,0.5916666666666667,0.73701171875,1.0,0.0,-1,1.0,1.0
769,mammalian,9,20,48,18,1,0,1,0.775,0.95,1.0,0.0,-1,1.0,1.0
770,mammalian,45,20,49,11,6,0,3,0.41666666666666663,0.833056640625,0.5,0.5,22.0,1.0,1.0
771,mammalian,36,20,50,11,8,0,1,0.43794642857142857,0.796337890625,1.0,0.0,-1,1.0,1.0
772,mammalian,3,20,50,16,1,0,3,0.4145833333333333,0.872509765625,1.0,0.0,-1,1.0,1.0
773,mammalian,20,20,48,16,1,0,3,0.35625,0.95,1.0,0.0,-1,1.0,1.0
774,mammalian,7,20,48,20,0,0,0,0.6875,0.896337890625,1.0,0.0,-1,1.0,1.0
775,mammalian,1,20,49,18,2,0,0,0.675,0.9,1.0,0.0,-1,1.0,1.0
776,mammalian,35,20,50,10,10,0,0,0.4854166666666667,0.893505859375,1.0,0.0,-1,1.0,1.0
777,mammalian,18,20,51,16,3,1,0,0.55,0.8212890625,1.0,0.0,-1,1.0,1.0
778,mammalian,44,20,48,13,5,0,2,0.371875,0.774658203125,0.5,0.5,4.0,1.0,1.0
779,mammalian,14,20,48,14,6,0,0,0.575,0.90283203125,1.0,0.0,-1,1.0,1.0
780,mammalian,31,20,47,17,3,0,0,0.6254166666666666,0.91328125,1.0,0.0,-1,1.0,1.0
781,mammalian,2,20,47,13,6,1,0,0.75,0.95,1.0,0.0,-1,1.0,1.0
782,mammalian,15,20,50,17,3,0,0,0.6,0.73193359375,1.0,0.0,-1,1.0,1.0
783,mammalian,37,20,47,16,3,1,0,0.75,0.95,1.0,0.0,-1,1.0,1.0
784,mammalian,38,20,49,20,0,0,0,0.65,0.824951171875,1.0,0.0,-1,1.0,1.0
785,mammalian,33,20,47,14,6,0,0,0.45625,0.921826171875,1.0,0.0,-1,1.0,1.0
786,mammalian,30,20,49,18,0,0,2,0.725,0.91533203125,1.0,0.0,-1,1.0,1.0
787,mammalian,41,20,46,18,1,0,1,0.4,0.95,1.0,0.0,-1,1.0,1.0
788,mammalian,8,20,47,16,3,0,1,0.725,0.95,1.0,0.0,-1,1.0,1.0
789,mammalian,13,20,48,20,0,0,0,0.5916666666666666,0.827001953125,1.0,0.0,-1,1.0,1.0
790,mammalian,10,20,51,19,0,0,1,0.725,0.939892578125,1.0,0.0,-1,1.0,1.0
791,mammalian,42,20,49,20,0,0,0,0.625,0.95,1.0,0.0,-1,1.0,1.0
792,mammalian,19,20,48,10,8,2,0,0.675,0.843359375,1.0,0.0,-1,1.0,1.0
793,mammalian,23,20,51,6,9,4,1,0.675,0.95,1.0,0.0,-1,1.0,1.0
794,mammalian,55,20,48,17,3,0,0,0.725,0.95,1.0,0.0,-1,1.0,1.0
795,mammalian,29,20,49,19,1,0,0,0.8,0.95,1.0,0.0,-1,1.0,1.0
796,mammalian,32,20,49,18,2,0,0,0.575,0.8009765625,1.0,0.0,-1,1.0,1.0
797,mammalian,12,20,47,15,5,0,0,0.6875,0.95,1.0,0.0,-1,1.0,1.0
798,mammalian,16,20,48,18,2,0,0,0.625,0.810986328125,1.0,0.0,-1,1.0,1.0
799,mammalian,40,20,49,20,0,0,0,0.675,0.95,1.0,0.0,-1,1.0,1.0
800,mapk,40,53,103,45,5,0,3,0.8018867924528302,0.9245283018867925,1.0,0.0,-1,4.0,3.0
801,mapk,8,53,103,45,4,0,4,0.6179245283018868,0.8667637087264151,0.0,0.5,75.0,4.0,3.0
802,mapk,41,53,102,47,6,0,0,0.7641509433962265,0.9245283018867925,1.0,0.0,-1,4.0,3.0
803,mapk,57,53,100,50,2,1,0,0.660377358490566,0.9245283018867925,1.0,0.0,-1,4.0,3.0
804,mapk,54,53,104,39,9,0,5,0.7122641509433962,0.9245283018867925,0.5,0.3333333333333333,55.375,4.0,3.0
805,mapk,52,53,103,49,3,0,1,0.7358490566037735,0.8934994103773585,1.0,0.0,-1,4.0,3.0
806,mapk,2,53,100,41,11,0,1,0.7334905660377359,0.8431235259433962,1.0,0.0,-1,4.0,3.0
807,mapk,3,53,103,35,15,2,1,0.6792452830188679,0.8672796285377359,1.0,0.0,-1,4.0,3.0
808,mapk,59,53,103,43,7,0,3,0.7075471698113207,0.9245283018867925,1.0,0.0,-1,4.0,3.0
809,mapk,7,53,101,50,3,0,0,0.6391509433962265,0.9245283018867925,1.0,0.0,-1,4.0,3.0
810,mapk,4,53,103,40,8,0,5,0.60062893081761,0.8632259728773585,0.5,0.16666666666666666,2.6666666666666665,4.0,3.0
811,mapk,5,53,103,48,3,0,2,0.7547169811320755,0.9245283018867925,1.0,0.0,-1,4.0,3.0
812,mapk,55,53,102,45,3,0,5,0.8018867924528302,0.9245283018867925,0.5,0.16666666666666666,25.0,4.0,3.0
813,mapk,39,53,103,44,7,0,2,0.6132075471698113,0.8691590507075472,1.0,0.0,-1,4.0,3.0
814,mapk,56,53,103,50,2,0,1,0.6509433962264151,0.9091796875,1.0,0.0,-1,4.0,3.0
815,mapk,53,53,101,43,8,0,2,0.7216981132075472,0.9245283018867925,1.0,0.0,-1,4.0,3.0
816,mapk,1,53,102,48,5,0,0,0.8113207547169812,0.9082952535377359,1.0,0.0,-1,4.0,3.0
817,mapk,0,53,100,39,7,0,7,0.6886792452830188,0.9105616155660378,0.5,0.16666666666666666,6.25,4.0,3.0
818,mapk,38,53,103,39,14,0,0,0.7783018867924528,0.9245283018867925,1.0,0.0,-1,4.0,3.0
819,mapk,6,53,102,39,10,0,4,0.6933962264150944,0.9245283018867925,0.5,0.16666666666666666,8.75,4.0,3.0
820,mapk,51,53,100,40,12,0,1,0.6320754716981132,0.9245283018867925,1.0,0.0,-1,4.0,3.0
821,mapk,50,53,103,49,4,0,0,0.7311320754716981,0.9245283018867925,1.0,0.0,-1,4.0,3.0
822,mapk,33,53,103,41,11,0,1,0.7547169811320755,0.9245283018867925,1.0,0.0,-1,4.0,3.0
823,mapk,47,53,104,43,5,0,5,0.6969339622641509,0.9245283018867925,0.25,0.25,2.5,4.0,3.0
824,mapk,92,53,101,34,15,2,2,0.6886792452830188,0.9245283018867925,0.5,0.16666666666666666,20.5,4.0,3.0
825,mapk,75,53,102,46,4,2,1,0.7028301886792453,0.9245283018867925,1.0,0.0,-1,4.0,3.0
826,mapk,21,53,102,47,6,0,0,0.6792452830188679,0.9245283018867925,1.0,0.0,-1,4.0,3.0
827,mapk,91,53,103,44,7,0,2,0.6037735849056604,0.8686247051886793,1.0,0.0,-1,4.0,3.0
828,mapk,44,53,102,44,8,0,1,0.6886792452830188,0.8941811615566038,1.0,0.0,-1,4.0,3.0
829,mapk,16,53,101,24,29,0,0,0.7169811320754716,0.9145968455188679,1.0,0.0,-1,4.0,3.0
830,mapk,74,53,103,48,3,0,2,0.7075471698113207,0.9245283018867925,1.0,0.0,-1,4.0,3.0
831,mapk,22,53,103,48,4,1,0,0.6462264150943396,0.8012787441037735,1.0,0.0,-1,4.0,3.0
832,mapk,19,53,104,50,3,0,0,0.6745283018867925,0.8867924528301887,1.0,0.0,-1,4.0,3.0
833,mapk,12,53,104,43,8,0,2,0.6273584905660378,0.9103220813679245,0.5,0.16666666666666666,23.333333333333332,4.0,3.0
834,mapk,90,53,101,44,7,0,2,0.7264150943396226,0.9245283018867925,1.0,0.0,-1,4.0,3.0
835,mapk,73,53,103,41,10,0,2,0.5651954177897573,0.8323997641509434,1.0,0.0,-1,4.0,3.0
836,mapk,43,53,101,40,13,0,0,0.7971698113207547,0.9245283018867925,1.0,0.0,-1,4.0,3.0
837,mapk,89,53,103,49,3,0,1,0.6981132075471698,0.923828125,1.0,0.0,-1,4.0,3.0
838,mapk,72,53,101,24,16,4,9,0.6022012578616353,0.8300412735849056,0.25,0.3333333333333333,18.6,4.0,3.0
839,mapk,18,53,100,38,13,0,2,0.6698113207547169,0.8512492629716981,1.0,0.0,-1,4.0,3.0
840,mapk,88,53,102,42,5,0,6,0.6084905660377359,0.8304282134433962,0.0,0.5,31.625,4.0,3.0
841,mapk,25,53,102,42,10,0,1,0.660377358490566,0.8867924528301887,1.0,0.0,-1,4.0,3.0
842,mapk,71,53,103,47,5,0,1,0.6886792452830188,0.9145599941037735,1.0,0.0,-1,4.0,3.0
843,mapk,34,53,103,38,12,0,3,0.7358490566037735,0.9010908018867925,1.0,0.0,-1,4.0,3.0
844,mapk,87,53,104,44,3,0,6,0.7452830188679245,0.8818543632075472,0.5,0.16666666666666666,54.5,4.0,3.0
845,mapk,30,53,102,46,4,0,3,0.7547169811320755,0.9056603773584906,0.5,0.16666666666666666,4.5,4.0,3.0
846,mapk,70,53,104,44,6,0,3,0.6933962264150944,0.9245283018867925,1.0,0.0,-1,4.0,3.0
847,mapk,17,53,103,42,9,1,1,0.660377358490566,0.8867924528301887,1.0,0.0,-1,4.0,3.0
848,mapk,86,53,103,37,13,1,2,0.6493710691823901,0.9245283018867925,1.0,0.0,-1,4.0,3.0
849,mapk,36,53,101,52,1,0,0,0.8018867924528302,0.9245283018867925,1.0,0.0,-1,4.0,3.0
850,mapk,69,53,103,34,7,0,12,0.5990566037735849,0.9021963443396226,0.75,0.08333333333333333,7.0,4.0,3.0
851,mapk,48,53,104,47,6,0,0,0.6698113207547169,0.8930203419811321,1.0,0.0,-1,4.0,3.0
852,mapk,85,53,102,31,10,1,11,0.7264150943396226,0.8845813679245284,0.5,0.16666666666666666,42.25,4.0,3.0
853,mapk,68,53,102,31,10,0,12,0.7547169811320755,0.9245283018867925,0.5,0.3333333333333333,19.5,4.0,3.0
854,mapk,23,53,101,48,4,0,1,0.7452830188679245,0.9245283018867925,1.0,0.0,-1,4.0,3.0
855,mapk,14,53,100,49,4,0,0,0.6792452830188679,0.9245283018867925,1.0,0.0,-1,4.0,3.0
856,mapk,35,53,104,42,10,0,1,0.6792452830188679,0.8883586379716981,1.0,0.0,-1,4.0,3.0
857,mapk,84,53,104,49,4,0,0,0.7358490566037735,0.8767872936320755,1.0,0.0,-1,4.0,3.0
858,mapk,67,53,103,45,5,0,3,0.7264150943396226,0.905494545990566,1.0,0.0,-1,4.0,3.0
859,mapk,13,53,100,40,11,1,1,0.6792452830188679,0.9245283018867925,1.0,0.0,-1,4.0,3.0
860,mapk,58,53,103,46,7,0,0,0.7122641509433962,0.9245283018867925,1.0,0.0,-1,4.0,3.0
861,mapk,31,53,102,46,7,0,0,0.625,0.8506596403301887,1.0,0.0,-1,4.0,3.0
862,mapk,42,53,102,50,3,0,0,0.7264150943396226,0.9024174528301887,1.0,0.0,-1,4.0,3.0
863,mapk,32,53,104,44,6,0,3,0.6226415094339622,0.8619177476415094,0.5,0.16666666666666666,16.0,4.0,3.0
864,mapk,83,53,101,46,7,0,0,0.589622641509434,0.7975383254716981,1.0,0.0,-1,4.0,3.0
865,mapk,66,53,102,50,3,0,0,0.7547169811320755,0.9245283018867925,1.0,0.0,-1,4.0,3.0
866,mapk,9,53,101,43,9,0,1,0.7358490566037735,0.9057525058962265,1.0,0.0,-1,4.0,3.0
867,mapk,99,53,103,46,5,0,2,0.6886792452830188,0.9245283018867925,1.0,0.0,-1,4.0,3.0
868,mapk,26,53,103,49,4,0,0,0.7358490566037735,0.9245283018867925,1.0,0.0,-1,4.0,3.0
869,mapk,82,53,103,48,4,0,1,0.7169811320754716,0.9056603773584906,1.0,0.0,-1,4.0,3.0
870,mapk,65,53,104,40,9,1,3,0.7617924528301887,0.9245283018867925,0.25,0.25,10.0,4.0,3.0
871,mapk,45,53,103,38,10,1,4,0.6886792452830188,0.9051260318396226,1.0,0.0,-1,4.0,3.0
872,mapk,24,53,104,46,5,0,2,0.7028301886792453,0.8912330483490566,1.0,0.0,-1,4.0,3.0
873,mapk,98,53,101,39,6,0,8,0.6509433962264151,0.7864091981132075,0.5,0.3333333333333333,4.375,4.0,3.0
874,mapk,81,53,102,48,5,0,0,0.660377358490566,0.8684404481132075,1.0,0.0,-1,4.0,3.0
875,mapk,64,53,104,43,6,0,4,0.6009433962264151,0.8614202535377359,0.25,0.3333333333333333,33.2,4.0,3.0
876,mapk,20,53,104,41,11,0,1,0.5424528301886793,0.8438974056603774,1.0,0.0,-1,4.0,3.0
877,mapk,97,53,102,44,6,0,3,0.7452830188679245,0.9056603773584906,1.0,0.0,-1,4.0,3.0
878,mapk,80,53,103,43,10,0,0,0.6839622641509434,0.8175117924528302,1.0,0.0,-1,4.0,3.0
879,mapk,63,53,101,37,10,3,3,0.6698113207547169,0.9030807783018868,0.5,0.16666666666666666,13.666666666666666,4.0,3.0
880,mapk,37,53,99,45,4,0,4,0.7264150943396226,0.9225567511792453,1.0,0.0,-1,4.0,3.0
881,mapk,96,53,99,37,12,1,3,0.7641509433962265,0.9245283018867925,0.5,0.16666666666666666,25.75,4.0,3.0
882,mapk,79,53,104,37,10,2,4,0.6084905660377359,0.8343528891509434,0.5,0.16666666666666666,44.0,4.0,3.0
883,mapk,46,53,100,50,3,0,0,0.7169811320754716,0.9237912735849056,1.0,0.0,-1,4.0,3.0
884,mapk,62,53,101,43,8,0,2,0.660377358490566,0.9018094044811321,1.0,0.0,-1,4.0,3.0
885,mapk,29,53,103,36,10,1,6,0.7216981132075472,0.9084795106132075,0.0,0.3333333333333333,14.166666666666666,4.0,3.0
886,mapk,27,53,102,42,9,0,2,0.7169811320754716,0.9245283018867925,1.0,0.0,-1,4.0,3.0
887,mapk,95,53,102,48,4,0,1,0.7264150943396226,0.9245283018867925,1.0,0.0,-1,4.0,3.0
888,mapk,78,53,102,36,14,1,2,0.7028301886792453,0.8931124705188679,1.0,0.0,-1,4.0,3.0
889,mapk,61,53,100,49,3,0,1,0.6886792452830188,0.8449108195754716,1.0,0.0,-1,4.0,3.0
890,mapk,15,53,103,37,14,0,2,0.6450471698113207,0.8948629127358491,1.0,0.0,-1,4.0,3.0
891,mapk,10,53,103,51,2,0,0,0.7075471698113207,0.8894826061320755,1.0,0.0,-1,4.0,3.0
892,mapk,94,53,102,40,9,3,1,0.6981132075471698,0.9245283018867925,1.0,0.0,-1,4.0,3.0
893,mapk,77,53,102,44,7,1,1,0.7232704402515723,0.9108932783018868,1.0,0.0,-1,4.0,3.0
894,mapk,60,53,101,44,9,0,0,0.7358490566037735,0.9159419221698113,1.0,0.0,-1,4.0,3.0
895,mapk,49,53,103,44,7,0,2,0.7122641509433962,0.9245283018867925,1.0,0.0,-1,4.0,3.0
896,mapk,11,53,102,30,17,2,4,0.660377358490566,0.9245283018867925,0.5,0.16666666666666666,7.5,4.0,3.0
897,mapk,93,53,99,42,9,0,2,0.6108490566037735,0.8710016214622641,1.0,0.0,-1,4.0,3.0
898,mapk,28,53,103,40,12,1,0,0.6698113207547169,0.8445607311320755,1.0,0.0,-1,4.0,3.0
899,mapk,76,53,102,42,8,0,3,0.6886792452830188,0.9056603773584906,1.0,0.0,-1,4.0,3.0
900,oxidative,61,19,30,16,2,0,1,0.7894736842105263,0.9473684210526315,1.0,0.0,-1,1.0,1.0
901,oxidative,6,19,30,9,3,0,7,0.6052631578947368,0.9095394736842105,0.5,0.5,8.0,1.0,1.0
902,oxidative,1,19,30,19,0,0,0,0.7894736842105263,0.9473684210526315,1.0,0.0,-1,1.0,1.0
903,oxidative,60,19,30,19,0,0,0,0.7631578947368421,0.9473684210526315,1.0,0.0,-1,1.0,1.0
904,oxidative,31,19,29,17,0,0,2,0.6973684210526315,0.8421052631578947,1.0,0.0,-1,1.0,1.0
905,oxidative,8,19,30,13,4,0,2,0.6710526315789473,0.9181229440789473,0.5,0.5,1.0,1.0,1.0
906,oxidative,49,19,28,16,3,0,0,0.5526315789473685,0.6131784539473685,1.0,0.0,-1,1.0,1.0
907,oxidative,30,19,29,13,4,0,2,0.7368421052631579,0.9473684210526315,1.0,0.0,-1,1.0,1.0
908,oxidative,2,19,30,19,0,0,0,0.7368421052631579,0.9473684210526315,1.0,0.0,-1,1.0,1.0
909,oxidative,65,19,30,19,0,0,0,0.7631578947368421,0.9473684210526315,1.0,0.0,-1,1.0,1.0
910,oxidative,5,19,28,16,1,0,2,0.7894736842105263,0.9473684210526315,0.0,1.0,1.0,1.0,1.0
911,oxidative,7,19,30,19,0,0,0,0.7368421052631579,0.9473684210526315,1.0,0.0,-1,1.0,1.0
912,oxidative,63,19,30,12,6,0,1,0.5789473684210527,0.9473684210526315,1.0,0.0,-1,1.0,1.0
913,oxidative,64,19,29,19,0,0,0,0.8157894736842105,0.9473684210526315,1.0,0.0,-1,1.0,1.0
914,oxidative,62,19,30,10,8,0,1,0.24342105263157895,0.5686677631578947,1.0,0.0,-1,1.0,1.0
915,oxidative,99,19,29,16,2,0,1,0.7368421052631579,0.9473684210526315,1.0,0.0,-1,1.0,1.0
916,oxidative,98,19,28,18,0,0,1,0.7368421052631579,0.9473684210526315,1.0,0.0,-1,1.0,1.0
917,oxidative,9,19,30,15,3,0,1,0.7368421052631579,0.9473684210526315,1.0,0.0,-1,1.0,1.0
918,oxidative,97,19,30,17,2,0,0,0.7631578947368421,0.8680612664473685,1.0,0.0,-1,1.0,1.0
919,oxidative,66,19,29,16,2,0,1,0.6578947368421053,0.9473684210526315,1.0,0.0,-1,1.0,1.0
920,oxidative,4,19,29,15,3,0,1,0.7105263157894737,0.9303042763157895,1.0,0.0,-1,1.0,1.0
921,oxidative,96,19,29,18,0,0,1,0.8157894736842105,0.9473684210526315,1.0,0.0,-1,1.0,1.0
922,oxidative,79,19,30,14,2,0,3,0.8421052631578947,0.8714535361842105,0.5,0.5,1.0,1.0,1.0
923,oxidative,54,19,27,18,0,0,1,0.75,0.9473684210526315,1.0,0.0,-1,1.0,1.0
924,oxidative,95,19,30,11,5,0,3,0.75,0.9473684210526315,0.5,0.5,2.0,1.0,1.0
925,oxidative,50,19,30,17,2,0,0,0.631578947368421,0.8089021381578947,1.0,0.0,-1,1.0,1.0
926,oxidative,14,19,30,10,8,0,1,0.8157894736842105,0.9473684210526315,1.0,0.0,-1,1.0,1.0
927,oxidative,78,19,29,14,5,0,0,0.7631578947368421,0.9078433388157895,1.0,0.0,-1,1.0,1.0
928,oxidative,24,19,30,17,2,0,0,0.8947368421052632,0.9473684210526315,1.0,0.0,-1,1.0,1.0
929,oxidative,94,19,30,19,0,0,0,0.6447368421052632,0.9464946546052632,1.0,0.0,-1,1.0,1.0
930,oxidative,77,19,29,18,0,0,1,0.6842105263157895,0.8496607730263158,1.0,0.0,-1,1.0,1.0
931,oxidative,53,19,30,19,0,0,0,0.8157894736842105,0.9473684210526315,1.0,0.0,-1,1.0,1.0
932,oxidative,44,19,28,12,2,0,5,0.7368421052631579,0.8983861019736842,0.5,0.5,5.0,1.0,1.0
933,oxidative,93,19,29,17,2,0,0,0.7894736842105263,0.9473684210526315,1.0,0.0,-1,1.0,1.0
934,oxidative,33,19,29,19,0,0,0,0.7105263157894737,0.9473684210526315,1.0,0.0,-1,1.0,1.0
935,oxidative,52,19,30,19,0,0,0,0.7105263157894737,0.9473684210526315,1.0,0.0,-1,1.0,1.0
936,oxidative,20,19,29,12,6,1,0,0.6052631578947368,0.8285361842105263,1.0,0.0,-1,1.0,1.0
937,oxidative,10,19,29,16,3,0,0,0.8157894736842105,0.9207442434210527,1.0,0.0,-1,1.0,1.0
938,oxidative,76,19,29,14,5,0,0,0.7631578947368421,0.9473684210526315,1.0,0.0,-1,1.0,1.0
939,oxidative,45,19,30,17,2,0,0,0.6710526315789473,0.7573499177631579,1.0,0.0,-1,1.0,1.0
940,oxidative,21,19,30,16,3,0,0,0.7368421052631579,0.9146278782894737,1.0,0.0,-1,1.0,1.0
941,oxidative,92,19,28,10,5,0,4,0.6973684210526315,0.9473684210526315,1.0,0.0,-1,1.0,1.0
942,oxidative,34,19,29,16,1,0,2,0.6578947368421053,0.8949424342105263,1.0,0.0,-1,1.0,1.0
943,oxidative,75,19,29,16,2,0,1,0.868421052631579,0.8947368421052632,1.0,0.0,-1,1.0,1.0
944,oxidative,35,19,28,18,0,0,1,0.7631578947368421,0.9473684210526315,1.0,0.0,-1,1.0,1.0
945,oxidative,91,19,30,18,0,0,1,0.7894736842105263,0.8947368421052632,1.0,0.0,-1,1.0,1.0
946,oxidative,74,19,30,12,6,0,1,0.7368421052631579,0.9473684210526315,1.0,0.0,-1,1.0,1.0
947,oxidative,13,19,30,15,3,0,1,0.8157894736842105,0.9473684210526315,1.0,0.0,-1,1.0,1.0
948,oxidative,18,19,29,16,3,0,0,0.8947368421052632,0.9473684210526315,1.0,0.0,-1,1.0,1.0
949,oxidative,36,19,30,18,0,0,1,0.7368421052631579,0.9473684210526315,1.0,0.0,-1,1.0,1.0
950,oxidative,90,19,30,12,7,0,0,0.8157894736842105,0.9473684210526315,1.0,0.0,-1,1.0,1.0
951,oxidative,19,19,28,19,0,0,0,0.5131578947368421,0.8207750822368421,1.0,0.0,-1,1.0,1.0
952,oxidative,16,19,29,16,1,0,2,0.8157894736842105,0.8947368421052632,1.0,0.0,-1,1.0,1.0
953,oxidative,73,19,29,19,0,0,0,0.6842105263157895,0.8421052631578947,1.0,0.0,-1,1.0,1.0
954,oxidative,46,19,29,19,0,0,0,0.6710526315789473,0.8410259046052632,1.0,0.0,-1,1.0,1.0
955,oxidative,56,19,30,16,3,0,0,0.7368421052631579,0.8405119243421053,1.0,0.0,-1,1.0,1.0
956,oxidative,41,19,30,10,8,0,1,0.6228070175438597,0.865953947368421,1.0,0.0,-1,1.0,1.0
957,oxidative,89,19,30,16,2,0,1,0.8157894736842105,0.9473684210526315,1.0,0.0,-1,1.0,1.0
958,oxidative,32,19,29,12,4,0,3,0.7368421052631579,0.8947368421052632,0.5,0.5,1.0,1.0,1.0
959,oxidative,29,19,29,14,5,0,0,0.7105263157894737,0.8947368421052632,1.0,0.0,-1,1.0,1.0
960,oxidative,72,19,29,19,0,0,0,0.8421052631578947,0.9473684210526315,1.0,0.0,-1,1.0,1.0
961,oxidative,23,19,30,19,0,0,0,0.756578947368421,0.8963815789473685,1.0,0.0,-1,1.0,1.0
962,oxidative,3,19,30,10,6,0,3,0.6842105263157895,0.9473684210526315,0.5,0.5,2.0,1.0,1.0
963,oxidative,58,19,30,19,0,0,0,0.7894736842105263,0.9473684210526315,1.0,0.0,-1,1.0,1.0
964,oxidative,88,19,30,19,0,0,0,0.8289473684210527,0.8947368421052632,1.0,0.0,-1,1.0,1.0
965,oxidative,71,19,30,15,4,0,0,0.7368421052631579,0.9473684210526315,1.0,0.0,-1,1.0,1.0
966,oxidative,27,19,30,16,3,0,0,0.7236842105263158,0.9222347861842105,1.0,0.0,-1,1.0,1.0
967,oxidative,26,19,28,19,0,0,0,0.8157894736842105,0.9473684210526315,1.0,0.0,-1,1.0,1.0
968,oxidative,87,19,28,19,0,0,0,0.8421052631578947,0.9473684210526315,1.0,0.0,-1,1.0,1.0
969,oxidative,70,19,29,12,1,0,6,0.8026315789473685,0.9473684210526315,0.5,0.5,6.0,1.0,1.0
970,oxidative,38,19,30,15,4,0,0,0.7105263157894737,0.9473684210526315,1.0,0.0,-1,1.0,1.0
971,oxidative,68,19,28,19,0,0,0,0.868421052631579,0.9473684210526315,1.0,0.0,-1,1.0,1.0
972,oxidative,39,19,30,19,0,0,0,0.8421052631578947,0.9473684210526315,1.0,0.0,-1,1.0,1.0
973,oxidative,86,19,30,19,0,0,0,0.5855263157894737,0.9473684210526315,1.0,0.0,-1,1.0,1.0
974,oxidative,67,19,29,19,0,0,0,0.7105263157894737,0.9157072368421053,1.0,0.0,-1,1.0,1.0
975,oxidative,55,19,29,17,2,0,0,0.8157894736842105,0.9473684210526315,1.0,0.0,-1,1.0,1.0
976,oxidative,85,19,29,14,3,0,2,0.7368421052631579,0.84375,1.0,0.0,-1,1.0,1.0
977,oxidative,17,19,29,17,2,0,0,0.8421052631578947,0.9473684210526315,1.0,0.0,-1,1.0,1.0
978,oxidative,25,19,29,16,2,0,1,0.7368421052631579,0.9473684210526315,1.0,0.0,-1,1.0,1.0
979,oxidative,47,19,30,17,2,0,0,0.6052631578947368,0.7729749177631579,1.0,0.0,-1,1.0,1.0
980,oxidative,28,19,29,19,0,0,0,0.743421052631579,0.9473684210526315,1.0,0.0,-1,1.0,1.0
981,oxidative,84,19,29,17,1,0,1,0.631578947368421,0.8418996710526315,1.0,0.0,-1,1.0,1.0
982,oxidative,22,19,30,19,0,0,0,0.7368421052631579,0.9473684210526315,1.0,0.0,-1,1.0,1.0
983,oxidative,69,19,30,18,0,0,1,0.6842105263157895,0.7896792763157895,1.0,0.0,-1,1.0,1.0
984,oxidative,15,19,26,15,4,0,0,0.6842105263157895,0.9473684210526315,1.0,0.0,-1,1.0,1.0
985,oxidative,43,19,30,13,6,0,0,0.75,0.8947368421052632,1.0,0.0,-1,1.0,1.0
986,oxidative,37,19,30,16,0,0,3,0.7631578947368421,0.9473684210526315,1.0,0.0,-1,1.0,1.0
987,oxidative,83,19,29,19,0,0,0,0.868421052631579,0.9473684210526315,1.0,0.0,-1,1.0,1.0
988,oxidative,59,19,30,19,0,0,0,0.8421052631578947,0.9473684210526315,1.0,0.0,-1,1.0,1.0
989,oxidative,51,19,29,13,4,0,2,0.7280701754385964,0.9473684210526315,1.0,0.0,-1,1.0,1.0
990,oxidative,12,19,29,17,2,0,0,0.45723684210526316,0.6274157072368421,1.0,0.0,-1,1.0,1.0
991,oxidative,82,19,29,12,7,0,0,0.7894736842105263,0.9473684210526315,1.0,0.0,-1,1.0,1.0
992,oxidative,42,19,30,9,8,2,0,0.7631578947368421,0.8950966282894737,1.0,0.0,-1,1.0,1.0
993,oxidative,40,19,30,16,2,0,1,0.7105263157894737,0.9473684210526315,1.0,0.0,-1,1.0,1.0
994,oxidative,57,19,29,11,7,1,0,0.7105263157894737,0.9473684210526315,1.0,0.0,-1,1.0,1.0
995,oxidative,81,19,30,19,0,0,0,0.8947368421052632,0.8947368421052632,1.0,0.0,-1,1.0,1.0
996,oxidative,11,19,30,17,2,0,0,0.7368421052631579,0.9473684210526315,1.0,0.0,-1,1.0,1.0
997,oxidative,80,19,30,19,0,0,0,0.6710526315789473,0.8370682565789473,1.0,0.0,-1,1.0,1.0
998,oxidative,0,19,30,17,2,0,0,0.7236842105263158,0.6185752467105263,1.0,0.0,-1,1.0,1.0
999,oxidative,48,19,30,19,0,0,0,0.7631578947368421,0.9473684210526315,1.0,0.0,-1,1.0,1.0
