,network,node,mut,robustness
0,bortezomib,0,oe,0.42105263157894735
1,bortezomib,0,ko,0.5789473684210527
2,bortezomib,1,oe,0.47368421052631576
3,bortezomib,1,ko,0.5263157894736842
4,bortezomib,2,oe,0.65625
5,bortezomib,2,ko,0.625
6,bortezomib,3,oe,0.5
7,bortezomib,3,ko,0.5
8,bortezomib,4,oe,0.7692307692307693
9,bortezomib,4,ko,0.8076923076923077
10,bortezomib,63,oe,0.5
11,bortezomib,63,ko,0.5
12,bortezomib,5,oe,0.5
13,bortezomib,5,ko,0.5
14,bortezomib,23,oe,0.8421052631578947
15,bortezomib,23,ko,0.15789473684210525
16,bortezomib,6,oe,0.42105263157894735
17,bortezomib,6,ko,0.8421052631578947
18,bortezomib,7,oe,0.9473684210526315
19,bortezomib,7,ko,0.8947368421052632
20,bortezomib,42,oe,1.0
21,bortezomib,42,ko,0.8421052631578947
22,bortezomib,35,oe,0.5526315789473685
23,bortezomib,35,ko,0.42105263157894735
24,bortezomib,8,oe,0.5526315789473685
25,bortezomib,8,ko,0.42105263157894735
26,bortezomib,28,oe,0.02631578947368421
27,bortezomib,28,ko,0.9473684210526315
28,bortezomib,9,oe,0.5789473684210527
29,bortezomib,9,ko,0.42105263157894735
30,bortezomib,21,oe,0.5263157894736842
31,bortezomib,21,ko,0.9473684210526315
32,bortezomib,27,oe,0.5789473684210527
33,bortezomib,27,ko,0.42105263157894735
34,bortezomib,34,oe,0.34210526315789475
35,bortezomib,34,ko,0.631578947368421
36,bortezomib,10,oe,0.7105263157894737
37,bortezomib,10,ko,0.7894736842105263
38,bortezomib,47,oe,0.8421052631578947
39,bortezomib,47,ko,0.5789473684210527
40,bortezomib,11,oe,0.8421052631578947
41,bortezomib,11,ko,0.15789473684210525
42,bortezomib,12,oe,0.5263157894736842
43,bortezomib,12,ko,0.42105263157894735
44,bortezomib,24,oe,0.42105263157894735
45,bortezomib,24,ko,1.0
46,bortezomib,13,oe,0.10526315789473684
47,bortezomib,13,ko,0.868421052631579
48,bortezomib,22,oe,0.7105263157894737
49,bortezomib,22,ko,0.2631578947368421
50,bortezomib,51,oe,0.8421052631578947
51,bortezomib,51,ko,0.868421052631579
52,bortezomib,52,oe,0.8421052631578947
53,bortezomib,52,ko,0.13157894736842105
54,bortezomib,36,oe,0.02631578947368421
55,bortezomib,36,ko,1.0
56,bortezomib,14,oe,0.8421052631578947
57,bortezomib,14,ko,0.02631578947368421
58,bortezomib,31,oe,0.02631578947368421
59,bortezomib,31,ko,1.0
60,bortezomib,29,oe,0.868421052631579
61,bortezomib,29,ko,0.868421052631579
62,bortezomib,15,oe,0.9736842105263158
63,bortezomib,15,ko,0.9736842105263158
64,bortezomib,16,oe,0.7368421052631579
65,bortezomib,16,ko,0.42105263157894735
66,bortezomib,17,oe,0.5526315789473685
67,bortezomib,17,ko,0.42105263157894735
68,bortezomib,18,oe,0.9736842105263158
69,bortezomib,18,ko,0.868421052631579
70,bortezomib,54,oe,0.8421052631578947
71,bortezomib,54,ko,0.02631578947368421
72,bortezomib,19,oe,0.9210526315789473
73,bortezomib,19,ko,0.15789473684210525
74,bortezomib,39,oe,1.0
75,bortezomib,39,ko,0.5789473684210527
76,bortezomib,20,oe,0.42105263157894735
77,bortezomib,20,ko,0.5789473684210527
78,bortezomib,44,oe,0.5789473684210527
79,bortezomib,44,ko,0.42105263157894735
80,bortezomib,55,oe,0.8421052631578947
81,bortezomib,55,ko,0.42105263157894735
82,bortezomib,66,oe,0.8421052631578947
83,bortezomib,66,ko,1.0
84,bortezomib,62,oe,1.0
85,bortezomib,62,ko,0.8947368421052632
86,bortezomib,49,oe,1.0
87,bortezomib,49,ko,0.8947368421052632
88,bortezomib,57,oe,0.5789473684210527
89,bortezomib,57,ko,0.42105263157894735
90,bortezomib,25,oe,1.0
91,bortezomib,25,ko,1.0
92,bortezomib,26,oe,0.5789473684210527
93,bortezomib,26,ko,0.42105263157894735
94,bortezomib,46,oe,0.42105263157894735
95,bortezomib,46,ko,1.0
96,bortezomib,64,oe,0.42105263157894735
97,bortezomib,64,ko,1.0
98,bortezomib,56,oe,0.5789473684210527
99,bortezomib,56,ko,0.9736842105263158
100,bortezomib,61,oe,0.02631578947368421
101,bortezomib,61,ko,0.9473684210526315
102,bortezomib,30,oe,0.8421052631578947
103,bortezomib,30,ko,0.15789473684210525
104,bortezomib,45,oe,0.8421052631578947
105,bortezomib,45,ko,0.34210526315789475
106,bortezomib,32,oe,0.8421052631578947
107,bortezomib,32,ko,0.15789473684210525
108,bortezomib,40,oe,1.0
109,bortezomib,40,ko,0.42105263157894735
110,bortezomib,33,oe,1.0
111,bortezomib,33,ko,1.0
112,bortezomib,41,oe,0.8421052631578947
113,bortezomib,41,ko,0.6578947368421053
114,bortezomib,43,oe,0.7894736842105263
115,bortezomib,43,ko,0.6578947368421053
116,bortezomib,37,oe,1.0
117,bortezomib,37,ko,1.0
118,bortezomib,38,oe,0.8421052631578947
119,bortezomib,38,ko,1.0
120,bortezomib,48,oe,0.8421052631578947
121,bortezomib,48,ko,0.15789473684210525
122,bortezomib,60,oe,0.8421052631578947
123,bortezomib,60,ko,0.5789473684210527
124,bortezomib,50,oe,0.34210526315789475
125,bortezomib,50,ko,1.0
126,bortezomib,65,oe,0.8421052631578947
127,bortezomib,65,ko,0.15789473684210525
128,bortezomib,53,oe,0.8421052631578947
129,bortezomib,53,ko,0.5526315789473685
130,bortezomib,59,oe,1.0
131,bortezomib,59,ko,0.42105263157894735
132,bortezomib,58,oe,1.0
133,bortezomib,58,ko,1.0
134,apoptosis,0,oe,0.5542857142857143
135,apoptosis,0,ko,0.44571428571428573
136,apoptosis,1,oe,0.7771428571428571
137,apoptosis,1,ko,0.22285714285714286
138,apoptosis,24,oe,0.16071428571428573
139,apoptosis,24,ko,0.49404761904761907
140,apoptosis,2,oe,0.1048951048951049
141,apoptosis,2,ko,0.5104895104895105
142,apoptosis,27,oe,0.9428571428571428
143,apoptosis,27,ko,0.38857142857142857
144,apoptosis,40,oe,0.40963855421686746
145,apoptosis,40,ko,0.18674698795180722
146,apoptosis,4,oe,0.20454545454545456
147,apoptosis,4,ko,0.09848484848484848
148,apoptosis,3,oe,0.02097902097902098
149,apoptosis,3,ko,0.15384615384615385
150,apoptosis,8,oe,0.0
151,apoptosis,8,ko,0.2411764705882353
152,apoptosis,5,oe,0.4342857142857143
153,apoptosis,5,ko,0.5771428571428572
154,apoptosis,7,oe,0.6971428571428572
155,apoptosis,7,ko,0.28
156,apoptosis,6,oe,0.7028571428571428
157,apoptosis,6,ko,0.29714285714285715
158,apoptosis,23,oe,0.25142857142857145
159,apoptosis,23,ko,0.88
160,apoptosis,15,oe,0.13142857142857142
161,apoptosis,15,ko,0.6685714285714286
162,apoptosis,36,oe,0.13142857142857142
163,apoptosis,36,ko,0.9485714285714286
164,apoptosis,19,oe,0.6914285714285714
165,apoptosis,19,ko,0.28
166,apoptosis,30,oe,0.15428571428571428
167,apoptosis,30,ko,0.08571428571428572
168,apoptosis,9,oe,0.8742857142857143
169,apoptosis,9,ko,0.5885714285714285
170,apoptosis,10,oe,0.44
171,apoptosis,10,ko,0.4342857142857143
172,apoptosis,38,oe,0.8571428571428571
173,apoptosis,38,ko,0.36
174,apoptosis,13,oe,0.7314285714285714
175,apoptosis,13,ko,0.8285714285714286
176,apoptosis,11,oe,0.9257142857142857
177,apoptosis,11,ko,0.92
178,apoptosis,12,oe,0.8514285714285714
179,apoptosis,12,ko,0.92
180,apoptosis,37,oe,0.13142857142857142
181,apoptosis,37,ko,0.6971428571428572
182,apoptosis,14,oe,0.9942857142857143
183,apoptosis,14,ko,0.9942857142857143
184,apoptosis,28,oe,0.7371428571428571
185,apoptosis,28,ko,0.2057142857142857
186,apoptosis,33,oe,0.9257142857142857
187,apoptosis,33,ko,0.9828571428571429
188,apoptosis,17,oe,1.0
189,apoptosis,17,ko,0.4342857142857143
190,apoptosis,16,oe,0.16184971098265896
191,apoptosis,16,ko,0.4393063583815029
192,apoptosis,39,oe,1.0
193,apoptosis,39,ko,0.4342857142857143
194,apoptosis,22,oe,0.5542857142857143
195,apoptosis,22,ko,0.44571428571428573
196,apoptosis,18,oe,0.2571428571428571
197,apoptosis,18,ko,0.9257142857142857
198,apoptosis,34,oe,0.5714285714285714
199,apoptosis,34,ko,0.5828571428571429
200,apoptosis,20,oe,0.5485714285714286
201,apoptosis,20,ko,0.84
202,apoptosis,35,oe,0.37714285714285717
203,apoptosis,35,ko,0.7085714285714285
204,apoptosis,29,oe,0.7657142857142857
205,apoptosis,29,ko,0.21142857142857144
206,apoptosis,21,oe,0.76
207,apoptosis,21,ko,0.22285714285714286
208,apoptosis,32,oe,0.7771428571428571
209,apoptosis,32,ko,0.9771428571428571
210,apoptosis,25,oe,0.7771428571428571
211,apoptosis,25,ko,0.21714285714285714
212,apoptosis,26,oe,0.6742857142857143
213,apoptosis,26,ko,0.21142857142857144
214,apoptosis,31,oe,0.7771428571428571
215,apoptosis,31,ko,0.22285714285714286
216,bt474_long,0,oe,0.882179675994109
217,bt474_long,0,ko,0.6701030927835051
218,bt474_long,1,oe,0.9571917808219178
219,bt474_long,1,ko,0.9863013698630136
220,bt474_long,2,oe,0.883248730964467
221,bt474_long,2,ko,1.0
222,bt474_long,3,oe,0.882179675994109
223,bt474_long,3,ko,0.6818851251840943
224,bt474_long,4,oe,0.2672209026128266
225,bt474_long,4,ko,0.995249406175772
226,bt474_long,15,oe,0.7264150943396226
227,bt474_long,15,ko,1.0
228,bt474_long,13,oe,0.9609261939218524
229,bt474_long,13,ko,0.9913169319826338
230,bt474_long,9,oe,1.0
231,bt474_long,9,ko,0.02240566037735849
232,bt474_long,5,oe,0.7488207547169812
233,bt474_long,5,ko,1.0
234,bt474_long,8,oe,0.9215425531914894
235,bt474_long,8,ko,0.6954787234042553
236,bt474_long,6,oe,0.3497942386831276
237,bt474_long,6,ko,0.9725651577503429
238,bt474_long,21,oe,0.17149758454106281
239,bt474_long,21,ko,1.0
240,bt474_long,11,oe,0.1774580335731415
241,bt474_long,11,ko,1.0
242,bt474_long,23,oe,0.3584905660377358
243,bt474_long,23,ko,0.9787735849056604
244,bt474_long,7,oe,0.9986754966887417
245,bt474_long,7,ko,1.0
246,bt474_long,16,oe,0.5380894800483675
247,bt474_long,16,ko,0.6021765417170496
248,bt474_long,12,oe,0.7912735849056604
249,bt474_long,12,ko,0.9422169811320755
250,bt474_long,14,oe,1.0
251,bt474_long,14,ko,0.6859504132231405
252,bt474_long,10,oe,1.0
253,bt474_long,10,ko,1.0
254,bt474_long,18,oe,0.7185273159144893
255,bt474_long,18,ko,0.9869358669833729
256,bt474_long,24,oe,0.9988207547169812
257,bt474_long,24,ko,1.0
258,bt474_long,22,oe,0.9985228951255539
259,bt474_long,22,ko,1.0
260,bt474_long,17,oe,1.0
261,bt474_long,17,ko,1.0
262,bt474_long,20,oe,0.7167553191489362
263,bt474_long,20,ko,0.8284574468085106
264,bt474_long,19,oe,1.0
265,bt474_long,19,ko,1.0
266,bt474_short,0,oe,0.9375
267,bt474_short,0,ko,0.9479166666666666
268,bt474_short,1,oe,0.8859649122807017
269,bt474_short,1,ko,0.6403508771929824
270,bt474_short,2,oe,0.39655172413793105
271,bt474_short,2,ko,1.0
272,bt474_short,3,oe,0.6776859504132231
273,bt474_short,3,ko,0.7272727272727273
274,bt474_short,4,oe,0.8404255319148937
275,bt474_short,4,ko,1.0
276,bt474_short,5,oe,0.5299145299145299
277,bt474_short,5,ko,1.0
278,bt474_short,14,oe,0.24161073825503357
279,bt474_short,14,ko,1.0
280,bt474_short,15,oe,0.2191780821917808
281,bt474_short,15,ko,1.0
282,bt474_short,9,oe,0.24666666666666667
283,bt474_short,9,ko,1.0
284,bt474_short,6,oe,0.9931972789115646
285,bt474_short,6,ko,1.0
286,bt474_short,8,oe,0.734375
287,bt474_short,8,ko,0.96875
288,bt474_short,7,oe,1.0
289,bt474_short,7,ko,1.0
290,bt474_short,10,oe,0.94
291,bt474_short,10,ko,0.9866666666666667
292,bt474_short,12,oe,0.94
293,bt474_short,12,ko,0.9666666666666667
294,bt474_short,11,oe,1.0
295,bt474_short,11,ko,1.0
296,bt474_short,13,oe,0.9262295081967213
297,bt474_short,13,ko,0.9836065573770492
298,colitis,0,oe,0.7430555555555556
299,colitis,0,ko,0.7291666666666666
300,colitis,65,oe,0.11724137931034483
301,colitis,65,ko,0.496551724137931
302,colitis,1,oe,0.5339805825242718
303,colitis,1,ko,0.9757281553398058
304,colitis,37,oe,0.02912621359223301
305,colitis,37,ko,0.6650485436893204
306,colitis,36,oe,0.6116504854368932
307,colitis,36,ko,0.23786407766990292
308,colitis,63,oe,0.3300970873786408
309,colitis,63,ko,0.2815533980582524
310,colitis,47,oe,0.2621359223300971
311,colitis,47,ko,0.3446601941747573
312,colitis,2,oe,0.5533980582524272
313,colitis,2,ko,0.5048543689320388
314,colitis,40,oe,0.558252427184466
315,colitis,40,ko,0.6990291262135923
316,colitis,25,oe,0.2815533980582524
317,colitis,25,ko,0.7184466019417476
318,colitis,3,oe,0.05825242718446602
319,colitis,3,ko,0.8446601941747572
320,colitis,11,oe,0.616504854368932
321,colitis,11,ko,0.9223300970873787
322,colitis,4,oe,0.5922330097087378
323,colitis,4,ko,0.8446601941747572
324,colitis,10,oe,0.2961165048543689
325,colitis,10,ko,0.8398058252427184
326,colitis,59,oe,0.6116504854368932
327,colitis,59,ko,0.0
328,colitis,5,oe,0.6078431372549019
329,colitis,5,ko,0.0
330,colitis,54,oe,0.0
331,colitis,54,ko,0.9029126213592233
332,colitis,6,oe,0.2766990291262136
333,colitis,6,ko,0.9660194174757282
334,colitis,7,oe,0.6262135922330098
335,colitis,7,ko,0.10679611650485436
336,colitis,67,oe,0.28640776699029125
337,colitis,67,ko,0.4077669902912621
338,colitis,9,oe,0.38349514563106796
339,colitis,9,ko,0.23300970873786409
340,colitis,62,oe,0.28640776699029125
341,colitis,62,ko,0.6019417475728155
342,colitis,8,oe,0.9902912621359223
343,colitis,8,ko,0.7912621359223301
344,colitis,52,oe,0.2669902912621359
345,colitis,52,ko,0.36893203883495146
346,colitis,64,oe,0.6310679611650486
347,colitis,64,ko,0.7961165048543689
348,colitis,39,oe,0.08737864077669903
349,colitis,39,ko,0.2961165048543689
350,colitis,12,oe,0.043689320388349516
351,colitis,12,ko,0.5631067961165048
352,colitis,46,oe,0.6262135922330098
353,colitis,46,ko,0.22330097087378642
354,colitis,21,oe,0.019417475728155338
355,colitis,21,ko,0.6213592233009708
356,colitis,32,oe,0.11650485436893204
357,colitis,32,ko,0.8543689320388349
358,colitis,22,oe,0.11650485436893204
359,colitis,22,ko,0.7233009708737864
360,colitis,50,oe,0.9611650485436893
361,colitis,50,ko,0.5485436893203883
362,colitis,13,oe,0.9805825242718447
363,colitis,13,ko,0.9805825242718447
364,colitis,44,oe,0.13106796116504854
365,colitis,44,ko,0.5922330097087378
366,colitis,35,oe,0.18932038834951456
367,colitis,35,ko,0.7718446601941747
368,colitis,19,oe,1.0
369,colitis,19,ko,0.5485436893203883
370,colitis,30,oe,0.8349514563106796
371,colitis,30,ko,0.42718446601941745
372,colitis,14,oe,0.05825242718446602
373,colitis,14,ko,0.8446601941747572
374,colitis,15,oe,0.5922330097087378
375,colitis,15,ko,0.2669902912621359
376,colitis,27,oe,0.7912621359223301
377,colitis,27,ko,0.4077669902912621
378,colitis,43,oe,0.6067961165048543
379,colitis,43,ko,0.2766990291262136
380,colitis,16,oe,0.587378640776699
381,colitis,16,ko,0.9757281553398058
382,colitis,17,oe,0.24757281553398058
383,colitis,17,ko,0.6067961165048543
384,colitis,61,oe,0.12376237623762376
385,colitis,61,ko,0.7079207920792079
386,colitis,18,oe,0.07766990291262135
387,colitis,18,ko,0.6504854368932039
388,colitis,68,oe,0.27184466019417475
389,colitis,68,ko,0.6116504854368932
390,colitis,20,oe,0.5970873786407767
391,colitis,20,ko,0.2815533980582524
392,colitis,45,oe,0.616504854368932
393,colitis,45,ko,0.24271844660194175
394,colitis,48,oe,0.6019417475728155
395,colitis,48,ko,0.8203883495145631
396,colitis,57,oe,0.9029126213592233
397,colitis,57,ko,0.6262135922330098
398,colitis,31,oe,0.6019417475728155
399,colitis,31,ko,0.0
400,colitis,66,oe,0.6116504854368932
401,colitis,66,ko,0.30097087378640774
402,colitis,23,oe,0.12413793103448276
403,colitis,23,ko,0.4896551724137931
404,colitis,28,oe,0.4965986394557823
405,colitis,28,ko,0.6054421768707483
406,colitis,24,oe,0.9174757281553398
407,colitis,24,ko,0.4368932038834951
408,colitis,49,oe,0.7281553398058253
409,colitis,49,ko,0.9029126213592233
410,colitis,26,oe,0.28640776699029125
411,colitis,26,ko,0.9660194174757282
412,colitis,38,oe,0.3106796116504854
413,colitis,38,ko,0.42718446601941745
414,colitis,29,oe,0.6796116504854369
415,colitis,29,ko,0.18932038834951456
416,colitis,69,oe,0.08737864077669903
417,colitis,69,ko,0.47572815533980584
418,colitis,58,oe,0.2815533980582524
419,colitis,58,ko,0.4077669902912621
420,colitis,33,oe,0.3786407766990291
421,colitis,33,ko,0.5388349514563107
422,colitis,34,oe,0.6213592233009708
423,colitis,34,ko,0.0
424,colitis,42,oe,0.28640776699029125
425,colitis,42,ko,0.42718446601941745
426,colitis,41,oe,0.1553398058252427
427,colitis,41,ko,0.5145631067961165
428,colitis,56,oe,0.5970873786407767
429,colitis,56,ko,0.6359223300970874
430,colitis,60,oe,0.3932038834951456
431,colitis,60,ko,0.1262135922330097
432,colitis,53,oe,0.3932038834951456
433,colitis,53,ko,0.9757281553398058
434,colitis,51,oe,0.7281553398058253
435,colitis,51,ko,0.6262135922330098
436,colitis,55,oe,0.7718446601941747
437,colitis,55,ko,0.7718446601941747
438,death,0,oe,0.3793103448275862
439,death,0,ko,0.8275862068965517
440,death,1,oe,0.7346938775510204
441,death,1,ko,0.8571428571428571
442,death,2,oe,0.5384615384615384
443,death,2,ko,0.46153846153846156
444,death,20,oe,0.13709677419354838
445,death,20,ko,0.6532258064516129
446,death,3,oe,0.175
447,death,3,ko,0.075
448,death,18,oe,0.0625
449,death,18,ko,0.390625
450,death,19,oe,0.0
451,death,19,ko,0.5080645161290323
452,death,4,oe,0.33076923076923076
453,death,4,ko,0.8
454,death,21,oe,0.5076923076923077
455,death,21,ko,0.4230769230769231
456,death,5,oe,0.504
457,death,5,ko,0.528
458,death,25,oe,0.46923076923076923
459,death,25,ko,0.33076923076923076
460,death,6,oe,0.025210084033613446
461,death,6,ko,0.44537815126050423
462,death,15,oe,0.5384615384615384
463,death,15,ko,0.16153846153846155
464,death,22,oe,0.36923076923076925
465,death,22,ko,0.5153846153846153
466,death,7,oe,0.3923076923076923
467,death,7,ko,0.5846153846153846
468,death,8,oe,0.15384615384615385
469,death,8,ko,0.9461538461538461
470,death,23,oe,0.049586776859504134
471,death,23,ko,0.4793388429752066
472,death,9,oe,0.9153846153846154
473,death,9,ko,0.9153846153846154
474,death,26,oe,0.007751937984496124
475,death,26,ko,0.5426356589147286
476,death,10,oe,0.015873015873015872
477,death,10,ko,0.5317460317460317
478,death,11,oe,0.06923076923076923
479,death,11,ko,0.8769230769230769
480,death,12,oe,0.46153846153846156
481,death,12,ko,0.38461538461538464
482,death,13,oe,0.5384615384615384
483,death,13,ko,0.46153846153846156
484,death,14,oe,1.0
485,death,14,ko,1.0
486,death,16,oe,0.47692307692307695
487,death,16,ko,0.7
488,death,17,oe,0.9615384615384616
489,death,17,ko,0.9615384615384616
490,death,24,oe,0.09230769230769231
491,death,24,ko,0.45384615384615384
492,death,27,oe,0.14615384615384616
493,death,27,ko,0.9153846153846154
494,hcc1954_long,0,oe,0.9464627151051626
495,hcc1954_long,0,ko,0.6462715105162524
496,hcc1954_long,1,oe,0.947069943289225
497,hcc1954_long,1,ko,0.6389413988657845
498,hcc1954_long,2,oe,0.9761904761904762
499,hcc1954_long,2,ko,0.9891774891774892
500,hcc1954_long,3,oe,0.9763948497854077
501,hcc1954_long,3,ko,1.0
502,hcc1954_long,4,oe,1.0
503,hcc1954_long,4,ko,1.0
504,hcc1954_long,22,oe,0.8379705400981997
505,hcc1954_long,22,ko,0.7397708674304418
506,hcc1954_long,17,oe,0.7812018489984591
507,hcc1954_long,17,ko,0.9707241910631741
508,hcc1954_long,15,oe,0.7125382262996942
509,hcc1954_long,15,ko,0.9694189602446484
510,hcc1954_long,24,oe,0.24915824915824916
511,hcc1954_long,24,ko,0.9730639730639731
512,hcc1954_long,12,oe,0.9556574923547401
513,hcc1954_long,12,ko,0.5168195718654435
514,hcc1954_long,5,oe,0.8009188361408882
515,hcc1954_long,5,ko,0.9280245022970903
516,hcc1954_long,19,oe,0.7660550458715596
517,hcc1954_long,19,ko,0.9724770642201835
518,hcc1954_long,7,oe,0.0
519,hcc1954_long,7,ko,0.9938837920489296
520,hcc1954_long,6,oe,0.9036697247706422
521,hcc1954_long,6,ko,1.0
522,hcc1954_long,14,oe,0.9067278287461774
523,hcc1954_long,14,ko,0.636085626911315
524,hcc1954_long,8,oe,0.6584615384615384
525,hcc1954_long,8,ko,0.5430769230769231
526,hcc1954_long,9,oe,1.0
527,hcc1954_long,9,ko,1.0
528,hcc1954_long,10,oe,0.2400611620795107
529,hcc1954_long,10,ko,0.9984709480122325
530,hcc1954_long,20,oe,0.9910873440285205
531,hcc1954_long,20,ko,1.0
532,hcc1954_long,11,oe,0.14153846153846153
533,hcc1954_long,11,ko,1.0
534,hcc1954_long,13,oe,1.0
535,hcc1954_long,13,ko,1.0
536,hcc1954_long,18,oe,0.8831417624521073
537,hcc1954_long,18,ko,0.9904214559386973
538,hcc1954_long,16,oe,1.0
539,hcc1954_long,16,ko,1.0
540,hcc1954_long,21,oe,0.6605504587155964
541,hcc1954_long,21,ko,1.0
542,hcc1954_long,23,oe,0.14678899082568808
543,hcc1954_long,23,ko,0.9984709480122325
544,hcc1954_short,0,oe,0.9911504424778761
545,hcc1954_short,0,ko,1.0
546,hcc1954_short,1,oe,0.9911504424778761
547,hcc1954_short,1,ko,1.0
548,hcc1954_short,2,oe,0.9424460431654677
549,hcc1954_short,2,ko,0.5827338129496403
550,hcc1954_short,3,oe,0.9280575539568345
551,hcc1954_short,3,ko,0.6187050359712231
552,hcc1954_short,4,oe,0.753968253968254
553,hcc1954_short,4,ko,0.9682539682539683
554,hcc1954_short,7,oe,0.17297297297297298
555,hcc1954_short,7,ko,1.0
556,hcc1954_short,5,oe,0.7777777777777778
557,hcc1954_short,5,ko,1.0
558,hcc1954_short,6,oe,0.17297297297297298
559,hcc1954_short,6,ko,1.0
560,hcc1954_short,10,oe,0.17297297297297298
561,hcc1954_short,10,ko,1.0
562,hcc1954_short,12,oe,0.4689655172413793
563,hcc1954_short,12,ko,1.0
564,hcc1954_short,8,oe,0.9811320754716981
565,hcc1954_short,8,ko,0.9937106918238994
566,hcc1954_short,15,oe,0.7468354430379747
567,hcc1954_short,15,ko,0.9746835443037974
568,hcc1954_short,9,oe,1.0
569,hcc1954_short,9,ko,1.0
570,hcc1954_short,11,oe,0.9891891891891892
571,hcc1954_short,11,ko,0.9459459459459459
572,hcc1954_short,13,oe,0.9891891891891892
573,hcc1954_short,13,ko,1.0
574,hcc1954_short,14,oe,0.9891891891891892
575,hcc1954_short,14,ko,0.8810810810810811
576,hgf,0,oe,0.864406779661017
577,hgf,0,ko,0.192090395480226
578,hgf,1,oe,0.950920245398773
579,hgf,1,ko,0.19631901840490798
580,hgf,2,oe,0.17297297297297298
581,hgf,2,ko,0.827027027027027
582,hgf,3,oe,0.4971751412429379
583,hgf,3,ko,0.5480225988700564
584,hgf,4,oe,0.1871345029239766
585,hgf,4,ko,0.8947368421052632
586,hgf,5,oe,0.2064516129032258
587,hgf,5,ko,0.9935483870967742
588,hgf,47,oe,0.04371584699453552
589,hgf,47,ko,0.3005464480874317
590,hgf,6,oe,0.22346368715083798
591,hgf,6,ko,0.3016759776536313
592,hgf,7,oe,0.0446927374301676
593,hgf,7,ko,0.3016759776536313
594,hgf,63,oe,0.21739130434782608
595,hgf,63,ko,0.29347826086956524
596,hgf,8,oe,0.044444444444444446
597,hgf,8,ko,0.3055555555555556
598,hgf,32,oe,0.08839779005524862
599,hgf,32,ko,0.2541436464088398
600,hgf,9,oe,0.08648648648648649
601,hgf,9,ko,0.24864864864864866
602,hgf,30,oe,0.3783783783783784
603,hgf,30,ko,0.24864864864864866
604,hgf,10,oe,0.8702702702702703
605,hgf,10,ko,0.9567567567567568
606,hgf,62,oe,0.08648648648648649
607,hgf,62,ko,0.24864864864864866
608,hgf,31,oe,0.5621621621621622
609,hgf,31,ko,0.6324324324324324
610,hgf,11,oe,0.08648648648648649
611,hgf,11,ko,0.6648648648648648
612,hgf,48,oe,0.5891891891891892
613,hgf,48,ko,0.6324324324324324
614,hgf,25,oe,0.9405405405405406
615,hgf,25,ko,0.24864864864864866
616,hgf,15,oe,0.26519337016574585
617,hgf,15,ko,0.2596685082872928
618,hgf,12,oe,0.08791208791208792
619,hgf,12,ko,0.25274725274725274
620,hgf,66,oe,0.6702702702702703
621,hgf,66,ko,0.08648648648648649
622,hgf,13,oe,0.9135135135135135
623,hgf,13,ko,0.08648648648648649
624,hgf,36,oe,0.32972972972972975
625,hgf,36,ko,0.24864864864864866
626,hgf,14,oe,0.08648648648648649
627,hgf,14,ko,0.24864864864864866
628,hgf,23,oe,0.43243243243243246
629,hgf,23,ko,0.24864864864864866
630,hgf,19,oe,0.9135135135135135
631,hgf,19,ko,0.2594594594594595
632,hgf,55,oe,0.17582417582417584
633,hgf,55,ko,0.34065934065934067
634,hgf,58,oe,0.17297297297297298
635,hgf,58,ko,0.827027027027027
636,hgf,65,oe,0.24864864864864866
637,hgf,65,ko,0.8486486486486486
638,hgf,16,oe,1.0
639,hgf,16,ko,0.5459459459459459
640,hgf,53,oe,0.4540540540540541
641,hgf,53,ko,0.5459459459459459
642,hgf,17,oe,1.0
643,hgf,17,ko,1.0
644,hgf,18,oe,1.0
645,hgf,18,ko,1.0
646,hgf,27,oe,0.31351351351351353
647,hgf,27,ko,0.6756756756756757
648,hgf,20,oe,0.8594594594594595
649,hgf,20,ko,0.8594594594594595
650,hgf,26,oe,0.4864864864864865
651,hgf,26,ko,0.7189189189189189
652,hgf,67,oe,0.2972972972972973
653,hgf,67,ko,0.24864864864864866
654,hgf,21,oe,1.0
655,hgf,21,ko,0.33513513513513515
656,hgf,61,oe,0.9675675675675676
657,hgf,61,ko,0.33513513513513515
658,hgf,22,oe,0.23243243243243245
659,hgf,22,ko,0.24864864864864866
660,hgf,56,oe,1.0
661,hgf,56,ko,0.33513513513513515
662,hgf,38,oe,0.20540540540540542
663,hgf,38,ko,0.4486486486486487
664,hgf,24,oe,1.0
665,hgf,24,ko,0.33513513513513515
666,hgf,52,oe,1.0
667,hgf,52,ko,0.43783783783783786
668,hgf,40,oe,0.6756756756756757
669,hgf,40,ko,0.43783783783783786
670,hgf,34,oe,0.2756756756756757
671,hgf,34,ko,0.7297297297297297
672,hgf,28,oe,0.8648648648648649
673,hgf,28,ko,0.08648648648648649
674,hgf,37,oe,0.9027027027027027
675,hgf,37,ko,0.08648648648648649
676,hgf,29,oe,0.8972972972972973
677,hgf,29,ko,0.08648648648648649
678,hgf,43,oe,0.34594594594594597
679,hgf,43,ko,0.4972972972972973
680,hgf,41,oe,0.9027027027027027
681,hgf,41,ko,0.24864864864864866
682,hgf,35,oe,0.6108108108108108
683,hgf,35,ko,0.08648648648648649
684,hgf,33,oe,0.5459459459459459
685,hgf,33,ko,0.08648648648648649
686,hgf,39,oe,1.0
687,hgf,39,ko,0.5459459459459459
688,hgf,57,oe,0.21621621621621623
689,hgf,57,ko,0.3837837837837838
690,hgf,42,oe,0.08648648648648649
691,hgf,42,ko,0.24864864864864866
692,hgf,44,oe,1.0
693,hgf,44,ko,1.0
694,hgf,45,oe,1.0
695,hgf,45,ko,0.518918918918919
696,hgf,46,oe,1.0
697,hgf,46,ko,1.0
698,hgf,49,oe,0.9891891891891892
699,hgf,49,ko,0.5459459459459459
700,hgf,51,oe,1.0
701,hgf,51,ko,0.5459459459459459
702,hgf,59,oe,0.9837837837837838
703,hgf,59,ko,0.5081081081081081
704,hgf,50,oe,0.5675675675675675
705,hgf,50,ko,0.2918918918918919
706,hgf,60,oe,0.5351351351351351
707,hgf,60,ko,1.0
708,hgf,54,oe,0.3621621621621622
709,hgf,54,ko,1.0
710,hgf,64,oe,0.08648648648648649
711,hgf,64,ko,0.24864864864864866
712,mammalian,0,oe,0.3333333333333333
713,mammalian,0,ko,0.6666666666666666
714,mammalian,9,oe,0.6666666666666666
715,mammalian,9,ko,1.0
716,mammalian,1,oe,0.6666666666666666
717,mammalian,1,ko,0.3333333333333333
718,mammalian,13,oe,0.6666666666666666
719,mammalian,13,ko,0.3333333333333333
720,mammalian,10,oe,0.6666666666666666
721,mammalian,10,ko,1.0
722,mammalian,14,oe,0.6666666666666666
723,mammalian,14,ko,0.3333333333333333
724,mammalian,8,oe,1.0
725,mammalian,8,ko,0.6666666666666666
726,mammalian,2,oe,0.3333333333333333
727,mammalian,2,ko,0.6666666666666666
728,mammalian,18,oe,1.0
729,mammalian,18,ko,0.6666666666666666
730,mammalian,3,oe,0.6666666666666666
731,mammalian,3,ko,1.0
732,mammalian,15,oe,0.6666666666666666
733,mammalian,15,ko,0.6666666666666666
734,mammalian,4,oe,1.0
735,mammalian,4,ko,0.3333333333333333
736,mammalian,17,oe,0.3333333333333333
737,mammalian,17,ko,1.0
738,mammalian,12,oe,0.3333333333333333
739,mammalian,12,ko,1.0
740,mammalian,7,oe,0.6666666666666666
741,mammalian,7,ko,0.3333333333333333
742,mammalian,5,oe,1.0
743,mammalian,5,ko,1.0
744,mammalian,11,oe,1.0
745,mammalian,11,ko,0.3333333333333333
746,mammalian,6,oe,1.0
747,mammalian,6,ko,1.0
748,mammalian,16,oe,0.6666666666666666
749,mammalian,16,ko,1.0
750,mammalian,19,oe,0.6666666666666666
751,mammalian,19,ko,0.6666666666666666
752,mapk,0,oe,0.6744186046511628
753,mapk,0,ko,0.5116279069767442
754,mapk,1,oe,0.4222222222222222
755,mapk,1,ko,0.7111111111111111
756,mapk,2,oe,0.1568627450980392
757,mapk,2,ko,0.8431372549019608
758,mapk,3,oe,0.5294117647058824
759,mapk,3,ko,0.47058823529411764
760,mapk,40,oe,0.17647058823529413
761,mapk,40,ko,0.6078431372549019
762,mapk,4,oe,1.0
763,mapk,4,ko,0.39215686274509803
764,mapk,19,oe,0.6078431372549019
765,mapk,19,ko,0.27450980392156865
766,mapk,21,oe,0.6666666666666666
767,mapk,21,ko,0.0
768,mapk,5,oe,0.37254901960784315
769,mapk,5,ko,0.9803921568627451
770,mapk,6,oe,0.8235294117647058
771,mapk,6,ko,0.6078431372549019
772,mapk,7,oe,0.6470588235294118
773,mapk,7,ko,0.6666666666666666
774,mapk,29,oe,0.6274509803921569
775,mapk,29,ko,0.11764705882352941
776,mapk,51,oe,0.5882352941176471
777,mapk,51,ko,0.17647058823529413
778,mapk,45,oe,0.6078431372549019
779,mapk,45,ko,0.13725490196078433
780,mapk,8,oe,1.0
781,mapk,8,ko,0.37254901960784315
782,mapk,49,oe,0.5294117647058824
783,mapk,49,ko,0.47058823529411764
784,mapk,9,oe,0.6078431372549019
785,mapk,9,ko,0.5294117647058824
786,mapk,10,oe,1.0
787,mapk,10,ko,1.0
788,mapk,28,oe,0.0
789,mapk,28,ko,0.7058823529411765
790,mapk,11,oe,0.5882352941176471
791,mapk,11,ko,0.2549019607843137
792,mapk,13,oe,0.9411764705882353
793,mapk,13,ko,0.9215686274509803
794,mapk,12,oe,1.0
795,mapk,12,ko,1.0
796,mapk,16,oe,0.5882352941176471
797,mapk,16,ko,0.0784313725490196
798,mapk,15,oe,0.6666666666666666
799,mapk,15,ko,0.3333333333333333
800,mapk,30,oe,0.8823529411764706
801,mapk,30,ko,0.5882352941176471
802,mapk,48,oe,0.0
803,mapk,48,ko,0.27450980392156865
804,mapk,14,oe,0.17647058823529413
805,mapk,14,ko,0.49019607843137253
806,mapk,31,oe,0.6078431372549019
807,mapk,31,ko,0.0
808,mapk,50,oe,0.9215686274509803
809,mapk,50,ko,0.29411764705882354
810,mapk,17,oe,0.45098039215686275
811,mapk,17,ko,0.8431372549019608
812,mapk,38,oe,0.1568627450980392
813,mapk,38,ko,0.8431372549019608
814,mapk,18,oe,0.6078431372549019
815,mapk,18,ko,1.0
816,mapk,24,oe,0.5882352941176471
817,mapk,24,ko,0.6666666666666666
818,mapk,25,oe,0.6274509803921569
819,mapk,25,ko,0.47058823529411764
820,mapk,42,oe,0.6078431372549019
821,mapk,42,ko,1.0
822,mapk,20,oe,0.6078431372549019
823,mapk,20,ko,0.29411764705882354
824,mapk,22,oe,0.7254901960784313
825,mapk,22,ko,0.8235294117647058
826,mapk,47,oe,0.803921568627451
827,mapk,47,ko,0.23529411764705882
828,mapk,23,oe,0.8541666666666666
829,mapk,23,ko,0.041666666666666664
830,mapk,52,oe,0.29411764705882354
831,mapk,52,ko,0.6078431372549019
832,mapk,37,oe,0.4117647058823529
833,mapk,37,ko,0.2549019607843137
834,mapk,26,oe,0.7254901960784313
835,mapk,26,ko,0.9803921568627451
836,mapk,44,oe,1.0
837,mapk,44,ko,1.0
838,mapk,43,oe,0.8627450980392157
839,mapk,43,ko,0.3333333333333333
840,mapk,35,oe,0.0196078431372549
841,mapk,35,ko,0.6274509803921569
842,mapk,27,oe,0.1568627450980392
843,mapk,27,ko,0.7843137254901961
844,mapk,32,oe,0.1568627450980392
845,mapk,32,ko,0.27450980392156865
846,mapk,39,oe,0.0
847,mapk,39,ko,0.7254901960784313
848,mapk,36,oe,0.0196078431372549
849,mapk,36,ko,0.6274509803921569
850,mapk,33,oe,0.6274509803921569
851,mapk,33,ko,0.9803921568627451
852,mapk,34,oe,1.0
853,mapk,34,ko,1.0
854,mapk,41,oe,1.0
855,mapk,41,ko,1.0
856,mapk,46,oe,0.35294117647058826
857,mapk,46,ko,0.8235294117647058
858,oxidative,0,oe,0.9
859,oxidative,0,ko,0.1
860,oxidative,5,oe,0.0
861,oxidative,5,ko,0.1
862,oxidative,1,oe,0.1
863,oxidative,1,ko,0.0
864,oxidative,2,oe,0.3
865,oxidative,2,ko,0.3
866,oxidative,12,oe,0.5
867,oxidative,12,ko,0.6
868,oxidative,3,oe,0.6
869,oxidative,3,ko,0.8
870,oxidative,13,oe,0.0
871,oxidative,13,ko,0.1
872,oxidative,4,oe,0.1
873,oxidative,4,ko,0.1
874,oxidative,17,oe,0.1
875,oxidative,17,ko,0.1
876,oxidative,15,oe,0.8
877,oxidative,15,ko,0.8
878,oxidative,6,oe,0.9
879,oxidative,6,ko,0.1
880,oxidative,10,oe,0.7
881,oxidative,10,ko,0.8
882,oxidative,7,oe,0.0
883,oxidative,7,ko,0.1
884,oxidative,8,oe,0.7
885,oxidative,8,ko,0.7
886,oxidative,9,oe,0.1
887,oxidative,9,ko,0.1
888,oxidative,11,oe,0.3
889,oxidative,11,ko,0.1
890,oxidative,18,oe,0.1
891,oxidative,18,ko,0.8
892,oxidative,16,oe,0.7
893,oxidative,16,ko,0.1
894,oxidative,14,oe,1.0
895,oxidative,14,ko,1.0
896,fibroblasts,0,oe,0.5881427072402938
897,fibroblasts,0,ko,0.6392969569779643
898,fibroblasts,1,oe,0.5843405149763531
899,fibroblasts,1,ko,0.6565948502364687
900,fibroblasts,2,oe,0.5377580350143716
901,fibroblasts,2,ko,0.4622419649856284
902,fibroblasts,3,oe,0.5630736952530816
903,fibroblasts,3,ko,0.6582743246787307
904,fibroblasts,4,oe,0.6278394083465398
905,fibroblasts,4,ko,0.7091917591125199
906,fibroblasts,5,oe,0.5239090671544291
907,fibroblasts,5,ko,0.47609093284557097
908,fibroblasts,6,oe,0.5415247576630862
909,fibroblasts,6,ko,0.5795127063138591
910,fibroblasts,7,oe,0.5697033342084536
911,fibroblasts,7,ko,0.5101076398004726
912,fibroblasts,8,oe,0.5035275672850797
913,fibroblasts,8,ko,0.4964724327149203
914,fibroblasts,36,oe,0.8126469819702117
915,fibroblasts,36,ko,0.006009929448654298
916,fibroblasts,9,oe,0.7232984293193717
917,fibroblasts,9,ko,0.669109947643979
918,fibroblasts,125,oe,0.3666056963679122
919,fibroblasts,125,ko,0.6028220538280638
920,fibroblasts,111,oe,0.16962885520125456
921,fibroblasts,111,ko,0.21432305279665448
922,fibroblasts,84,oe,0.6237261562581656
923,fibroblasts,84,ko,0.517115233864646
924,fibroblasts,37,oe,0.1766396655343611
925,fibroblasts,37,ko,0.03057224980402404
926,fibroblasts,10,oe,0.8849973863042342
927,fibroblasts,10,ko,0.9668060637741767
928,fibroblasts,49,oe,0.5495495495495496
929,fibroblasts,49,ko,0.6301006889242183
930,fibroblasts,78,oe,0.7130911941468513
931,fibroblasts,78,ko,0.7658740527828586
932,fibroblasts,126,oe,0.20094068460935458
933,fibroblasts,126,ko,0.2197543767964463
934,fibroblasts,132,oe,0.5390645414162529
935,fibroblasts,132,ko,0.06637052521557356
936,fibroblasts,117,oe,0.02848183956101385
937,fibroblasts,117,ko,0.014632871701071335
938,fibroblasts,119,oe,0.31512934413378624
939,fibroblasts,119,ko,0.07865168539325842
940,fibroblasts,104,oe,0.3566762477136138
941,fibroblasts,104,ko,0.3846354847138751
942,fibroblasts,11,oe,0.005487326887901751
943,fibroblasts,11,ko,0.6151032140057486
944,fibroblasts,106,oe,0.06846093545858374
945,fibroblasts,106,ko,0.2788084661614842
946,fibroblasts,12,oe,1.0
947,fibroblasts,12,ko,1.0
948,fibroblasts,137,oe,0.1549516592631304
949,fibroblasts,137,ko,0.46015155474261826
950,fibroblasts,122,oe,0.6710216880062713
951,fibroblasts,122,ko,0.025607525476874837
952,fibroblasts,24,oe,0.903579827541155
953,fibroblasts,24,ko,0.15939378102952703
954,fibroblasts,61,oe,0.9419911157564672
955,fibroblasts,61,ko,0.25921087013326366
956,fibroblasts,100,oe,0.19205644107656128
957,fibroblasts,100,ko,0.27697935719885025
958,fibroblasts,13,oe,0.6887901750718578
959,fibroblasts,13,ko,0.41233342043376014
960,fibroblasts,54,oe,0.0
961,fibroblasts,54,ko,0.8403449176900967
962,fibroblasts,33,oe,0.06558662137444474
963,fibroblasts,33,ko,0.78050692448393
964,fibroblasts,14,oe,0.9657695322707082
965,fibroblasts,14,ko,0.9623726156258166
966,fibroblasts,94,oe,0.0002613012803762738
967,fibroblasts,94,ko,0.563888163051999
968,fibroblasts,101,oe,0.003135615364515286
969,fibroblasts,101,ko,0.6780768225764306
970,fibroblasts,77,oe,0.17559446041285603
971,fibroblasts,77,ko,0.11967598641233342
972,fibroblasts,15,oe,0.1865691141886595
973,fibroblasts,15,ko,0.6310425921087013
974,fibroblasts,70,oe,0.03945649333681735
975,fibroblasts,70,ko,0.16200679383328978
976,fibroblasts,88,oe,0.45060115002613693
977,fibroblasts,88,ko,0.20674333507579717
978,fibroblasts,87,oe,0.35536974131173243
979,fibroblasts,87,ko,0.3524954272275934
980,fibroblasts,45,oe,0.41479351803450076
981,fibroblasts,45,ko,0.4048614741244119
982,fibroblasts,118,oe,0.00339691664489156
983,fibroblasts,118,ko,0.5043114711262086
984,fibroblasts,105,oe,0.3114711262085184
985,fibroblasts,105,ko,0.23543245361902274
986,fibroblasts,16,oe,1.0
987,fibroblasts,16,ko,1.0
988,fibroblasts,52,oe,0.9798798014110269
989,fibroblasts,52,ko,0.9801411026914032
990,fibroblasts,48,oe,0.42095636268617714
991,fibroblasts,48,ko,0.29814476090932845
992,fibroblasts,85,oe,0.04206950614058009
993,fibroblasts,85,ko,0.7081264698197021
994,fibroblasts,17,oe,0.4233080742095636
995,fibroblasts,17,ko,0.8019336294747844
996,fibroblasts,121,oe,0.8753600418957842
997,fibroblasts,121,ko,0.857554333595182
998,fibroblasts,47,oe,0.6245100600992944
999,fibroblasts,47,ko,0.7272014632871701
1000,fibroblasts,69,oe,0.0010452051215050953
1001,fibroblasts,69,ko,0.39508753592892604
1002,fibroblasts,18,oe,0.10478181343088581
1003,fibroblasts,18,ko,0.1758557616932323
1004,fibroblasts,19,oe,0.8407843137254902
1005,fibroblasts,19,ko,0.8096732026143791
1006,fibroblasts,35,oe,0.40710739482623465
1007,fibroblasts,35,ko,0.6380977266788608
1008,fibroblasts,74,oe,0.4753070290044421
1009,fibroblasts,74,ko,0.7648288476613535
1010,fibroblasts,23,oe,0.30911941468513193
1011,fibroblasts,23,ko,0.43376012542461456
1012,fibroblasts,20,oe,0.7274627645675463
1013,fibroblasts,20,ko,0.6200679383328979
1014,fibroblasts,21,oe,0.5377580350143716
1015,fibroblasts,21,ko,0.4622419649856284
1016,fibroblasts,22,oe,0.14980392156862746
1017,fibroblasts,22,ko,0.21803921568627452
1018,fibroblasts,72,oe,0.1532426778242678
1019,fibroblasts,72,ko,0.375
1020,fibroblasts,65,oe,0.06846093545858374
1021,fibroblasts,65,ko,0.5484713875097988
1022,fibroblasts,67,oe,0.4058008884243533
1023,fibroblasts,67,ko,0.8136921870917168
1024,fibroblasts,81,oe,0.0
1025,fibroblasts,81,ko,0.5586621374444735
1026,fibroblasts,44,oe,0.29291873530180296
1027,fibroblasts,44,ko,0.2837731904886334
1028,fibroblasts,109,oe,0.8850274366344395
1029,fibroblasts,109,ko,0.006532532009406846
1030,fibroblasts,116,oe,0.07473216618761432
1031,fibroblasts,116,ko,0.6041285602299451
1032,fibroblasts,25,oe,0.30911941468513193
1033,fibroblasts,25,ko,0.3506663182649595
1034,fibroblasts,136,oe,0.0007839038411288215
1035,fibroblasts,136,ko,0.6929709955578782
1036,fibroblasts,68,oe,0.3070290044421218
1037,fibroblasts,68,ko,0.9861510321400575
1038,fibroblasts,99,oe,0.18709171674941208
1039,fibroblasts,99,ko,0.9743924745231252
1040,fibroblasts,26,oe,0.38280637575124116
1041,fibroblasts,26,ko,0.4951659263130389
1042,fibroblasts,27,oe,0.9968643846354848
1043,fibroblasts,27,ko,0.9986934935981187
1044,fibroblasts,62,oe,0.003135615364515286
1045,fibroblasts,62,ko,0.5348837209302325
1046,fibroblasts,28,oe,0.14815782597334726
1047,fibroblasts,28,ko,0.8084661614841913
1048,fibroblasts,42,oe,0.09171674941207211
1049,fibroblasts,42,ko,0.24301019074993468
1050,fibroblasts,93,oe,0.4883720930232558
1051,fibroblasts,93,ko,0.49385941991115756
1052,fibroblasts,82,oe,0.6145806114449961
1053,fibroblasts,82,ko,0.8100339691664489
1054,fibroblasts,29,oe,0.01646198066370525
1055,fibroblasts,29,ko,0.8257120459890254
1056,fibroblasts,32,oe,0.3909067154429057
1057,fibroblasts,32,ko,0.9932061667102169
1058,fibroblasts,120,oe,0.027697935719885027
1059,fibroblasts,120,ko,0.7444473477920042
1060,fibroblasts,30,oe,0.0
1061,fibroblasts,30,ko,0.5223412594721714
1062,fibroblasts,59,oe,0.8850183342063908
1063,fibroblasts,59,ko,0.9916186485070718
1064,fibroblasts,31,oe,0.2296838254507447
1065,fibroblasts,31,ko,0.16043898615103214
1066,fibroblasts,73,oe,0.8863339430363208
1067,fibroblasts,73,ko,0.8021949307551607
1068,fibroblasts,138,oe,0.8852887379148158
1069,fibroblasts,138,ko,0.9984321923177424
1070,fibroblasts,103,oe,0.4065847922654821
1071,fibroblasts,103,ko,0.33551084400313563
1072,fibroblasts,123,oe,0.008361640972040762
1073,fibroblasts,123,ko,0.7245884504834074
1074,fibroblasts,55,oe,0.8847661353540632
1075,fibroblasts,55,ko,0.8920825712045989
1076,fibroblasts,34,oe,0.8766657956623988
1077,fibroblasts,34,ko,0.8748366866997648
1078,fibroblasts,38,oe,0.5288737914815783
1079,fibroblasts,38,ko,0.5675463809772668
1080,fibroblasts,79,oe,0.5845309642017246
1081,fibroblasts,79,ko,0.6213744447347792
1082,fibroblasts,83,oe,0.006532532009406846
1083,fibroblasts,83,ko,0.9545335772145284
1084,fibroblasts,39,oe,0.1868304154690358
1085,fibroblasts,39,ko,0.9594983015416776
1086,fibroblasts,40,oe,0.2417036843480533
1087,fibroblasts,40,ko,0.41625293963940424
1088,fibroblasts,102,oe,0.11497256336556048
1089,fibroblasts,102,ko,0.4327149203031095
1090,fibroblasts,41,oe,0.7431408413901228
1091,fibroblasts,41,ko,0.5249542722759342
1092,fibroblasts,43,oe,0.890253462241965
1093,fibroblasts,43,ko,0.9947739743924745
1094,fibroblasts,58,oe,0.006271230729030572
1095,fibroblasts,58,ko,0.6657956623987458
1096,fibroblasts,46,oe,0.7196237261562581
1097,fibroblasts,46,ko,0.21688006271230728
1098,fibroblasts,97,oe,0.4212176639665534
1099,fibroblasts,97,ko,0.3927358244055396
1100,fibroblasts,114,oe,0.6720668931277763
1101,fibroblasts,114,ko,1.0
1102,fibroblasts,56,oe,0.8677815521296054
1103,fibroblasts,56,ko,1.0
1104,fibroblasts,75,oe,0.8677815521296054
1105,fibroblasts,75,ko,1.0
1106,fibroblasts,50,oe,1.0
1107,fibroblasts,50,ko,0.7927880846616149
1108,fibroblasts,51,oe,0.8928664750457277
1109,fibroblasts,51,ko,1.0
1110,fibroblasts,113,oe,0.7539640591966174
1111,fibroblasts,113,ko,0.48070824524312894
1112,fibroblasts,53,oe,0.36933614330874603
1113,fibroblasts,53,ko,0.3925184404636459
1114,fibroblasts,124,oe,0.8116474291710388
1115,fibroblasts,124,ko,0.24685204616998951
1116,fibroblasts,90,oe,0.8230990331852626
1117,fibroblasts,90,ko,0.8811079174287954
1118,fibroblasts,110,oe,0.8928664750457277
1119,fibroblasts,110,ko,1.0
1120,fibroblasts,135,oe,0.7528089887640449
1121,fibroblasts,135,ko,0.22759341520773452
1122,fibroblasts,71,oe,0.7211915338385159
1123,fibroblasts,71,ko,0.7183172197543768
1124,fibroblasts,57,oe,0.27933106872223673
1125,fibroblasts,57,ko,0.2970995557878234
1126,fibroblasts,60,oe,0.6305199895479487
1127,fibroblasts,60,ko,0.5955056179775281
1128,fibroblasts,95,oe,0.9399007055134571
1129,fibroblasts,95,ko,0.7005487326887901
1130,fibroblasts,63,oe,0.019079979090433873
1131,fibroblasts,63,ko,0.3818609513852588
1132,fibroblasts,64,oe,0.34831460674157305
1133,fibroblasts,64,ko,0.9166448915599686
1134,fibroblasts,66,oe,0.8928664750457277
1135,fibroblasts,66,ko,1.0
1136,fibroblasts,130,oe,0.0002613012803762738
1137,fibroblasts,130,ko,0.4374183433498824
1138,fibroblasts,91,oe,0.010713352495427228
1139,fibroblasts,91,ko,0.8782336033446564
1140,fibroblasts,86,oe,0.2777632610399791
1141,fibroblasts,86,ko,0.6535145022210609
1142,fibroblasts,76,oe,0.98667363470081
1143,fibroblasts,76,ko,0.912202769793572
1144,fibroblasts,127,oe,0.8116017768487066
1145,fibroblasts,127,ko,0.9986934935981187
1146,fibroblasts,80,oe,0.1949307551607003
1147,fibroblasts,80,ko,0.7436634439508754
1148,fibroblasts,112,oe,0.7104781813430886
1149,fibroblasts,112,ko,0.3485759080219493
1150,fibroblasts,89,oe,0.18735301802978835
1151,fibroblasts,89,ko,0.8560229945126732
1152,fibroblasts,92,oe,0.2406584792265482
1153,fibroblasts,92,ko,0.6723281944081526
1154,fibroblasts,131,oe,0.3480533054611968
1155,fibroblasts,131,ko,0.5053566762477136
1156,fibroblasts,128,oe,0.9527044682518945
1157,fibroblasts,128,ko,0.006009929448654298
1158,fibroblasts,96,oe,0.7609093284557095
1159,fibroblasts,96,ko,1.0
1160,fibroblasts,98,oe,0.7695322707081265
1161,fibroblasts,98,ko,0.40606218970472957
1162,fibroblasts,107,oe,0.9082832505879279
1163,fibroblasts,107,ko,0.9989547948784949
1164,fibroblasts,108,oe,0.9082832505879279
1165,fibroblasts,108,ko,0.7083877711000784
1166,fibroblasts,115,oe,0.7716226809511366
1167,fibroblasts,115,ko,1.0
1168,fibroblasts,133,oe,0.5691141886595245
1169,fibroblasts,133,ko,0.6893127776326105
1170,fibroblasts,129,oe,0.6814737392213222
1171,fibroblasts,129,ko,1.0
1172,fibroblasts,134,oe,0.3868345135064254
1173,fibroblasts,134,ko,0.8216627327563598
1174,skbr3_long,0,oe,0.1875
1175,skbr3_long,0,ko,0.9765625
1176,skbr3_long,1,oe,0.9641025641025641
1177,skbr3_long,1,ko,0.8564102564102564
1178,skbr3_long,2,oe,0.9644670050761421
1179,skbr3_long,2,ko,0.8426395939086294
1180,skbr3_long,3,oe,0.9728260869565217
1181,skbr3_long,3,ko,0.9402173913043478
1182,skbr3_long,19,oe,0.05776173285198556
1183,skbr3_long,19,ko,1.0
1184,skbr3_long,4,oe,0.9424083769633508
1185,skbr3_long,4,ko,1.0
1186,skbr3_long,10,oe,0.26881720430107525
1187,skbr3_long,10,ko,1.0
1188,skbr3_long,5,oe,0.6462093862815884
1189,skbr3_long,5,ko,0.6173285198555957
1190,skbr3_long,14,oe,0.3607843137254902
1191,skbr3_long,14,ko,0.9490196078431372
1192,skbr3_long,6,oe,1.0
1193,skbr3_long,6,ko,1.0
1194,skbr3_long,7,oe,0.5663082437275986
1195,skbr3_long,7,ko,1.0
1196,skbr3_long,8,oe,0.674074074074074
1197,skbr3_long,8,ko,0.9925925925925926
1198,skbr3_long,24,oe,0.985663082437276
1199,skbr3_long,24,ko,0.41935483870967744
1200,skbr3_long,12,oe,0.754863813229572
1201,skbr3_long,12,ko,0.9377431906614786
1202,skbr3_long,23,oe,0.14388489208633093
1203,skbr3_long,23,ko,0.9964028776978417
1204,skbr3_long,22,oe,0.6487455197132617
1205,skbr3_long,22,ko,0.996415770609319
1206,skbr3_long,18,oe,1.0
1207,skbr3_long,18,ko,1.0
1208,skbr3_long,9,oe,0.985663082437276
1209,skbr3_long,9,ko,1.0
1210,skbr3_long,11,oe,1.0
1211,skbr3_long,11,ko,1.0
1212,skbr3_long,17,oe,0.8908296943231441
1213,skbr3_long,17,ko,0.9737991266375546
1214,skbr3_long,16,oe,0.6881720430107527
1215,skbr3_long,16,ko,0.996415770609319
1216,skbr3_long,13,oe,1.0
1217,skbr3_long,13,ko,1.0
1218,skbr3_long,21,oe,0.6989247311827957
1219,skbr3_long,21,ko,0.982078853046595
1220,skbr3_long,15,oe,0.985663082437276
1221,skbr3_long,15,ko,0.08243727598566308
1222,skbr3_long,20,oe,1.0
1223,skbr3_long,20,ko,1.0
1224,skbr3_short,0,oe,0.9192825112107623
1225,skbr3_short,0,ko,0.6816143497757847
1226,skbr3_short,1,oe,0.9692307692307692
1227,skbr3_short,1,ko,1.0
1228,skbr3_short,2,oe,0.918552036199095
1229,skbr3_short,2,ko,0.7285067873303167
1230,skbr3_short,3,oe,0.9203980099502488
1231,skbr3_short,3,ko,1.0
1232,skbr3_short,4,oe,0.9476439790575916
1233,skbr3_short,4,ko,1.0
1234,skbr3_short,9,oe,0.13186813186813187
1235,skbr3_short,9,ko,1.0
1236,skbr3_short,5,oe,0.8494623655913979
1237,skbr3_short,5,ko,0.967741935483871
1238,skbr3_short,12,oe,0.8494623655913979
1239,skbr3_short,12,ko,1.0
1240,skbr3_short,10,oe,0.6851851851851852
1241,skbr3_short,10,ko,1.0
1242,skbr3_short,7,oe,0.8301886792452831
1243,skbr3_short,7,ko,1.0
1244,skbr3_short,6,oe,0.9814814814814815
1245,skbr3_short,6,ko,0.9925925925925926
1246,skbr3_short,13,oe,0.13186813186813187
1247,skbr3_short,13,ko,1.0
1248,skbr3_short,15,oe,0.15053763440860216
1249,skbr3_short,15,ko,1.0
1250,skbr3_short,11,oe,0.6140350877192983
1251,skbr3_short,11,ko,1.0
1252,skbr3_short,8,oe,1.0
1253,skbr3_short,8,ko,1.0
1254,skbr3_short,14,oe,1.0
1255,skbr3_short,14,ko,1.0
1256,tlgl_2008,0,oe,1.0
1257,tlgl_2008,0,ko,1.0
1258,tlgl_2008,1,oe,0.9852941176470589
1259,tlgl_2008,1,ko,0.9558823529411765
1260,tlgl_2008,2,oe,0.9705882352941176
1261,tlgl_2008,2,ko,0.9852941176470589
1262,tlgl_2008,3,oe,0.9558823529411765
1263,tlgl_2008,3,ko,0.9852941176470589
1264,tlgl_2008,4,oe,1.0
1265,tlgl_2008,4,ko,0.9852941176470589
1266,tlgl_2008,5,oe,0.9852941176470589
1267,tlgl_2008,5,ko,0.9705882352941176
1268,tlgl_2008,6,oe,0.9705882352941176
1269,tlgl_2008,6,ko,0.9705882352941176
1270,tlgl_2008,47,oe,0.9696969696969697
1271,tlgl_2008,47,ko,0.09090909090909091
1272,tlgl_2008,7,oe,1.0
1273,tlgl_2008,7,ko,1.0
1274,tlgl_2008,31,oe,0.9772727272727273
1275,tlgl_2008,31,ko,0.9924242424242424
1276,tlgl_2008,55,oe,1.0
1277,tlgl_2008,55,ko,0.9772727272727273
1278,tlgl_2008,8,oe,1.0
1279,tlgl_2008,8,ko,0.9696969696969697
1280,tlgl_2008,43,oe,0.9924242424242424
1281,tlgl_2008,43,ko,0.9772727272727273
1282,tlgl_2008,30,oe,1.0
1283,tlgl_2008,30,ko,1.0
1284,tlgl_2008,40,oe,1.0
1285,tlgl_2008,40,ko,0.9924242424242424
1286,tlgl_2008,50,oe,1.0
1287,tlgl_2008,50,ko,0.9696969696969697
1288,tlgl_2008,54,oe,1.0
1289,tlgl_2008,54,ko,1.0
1290,tlgl_2008,48,oe,0.9924242424242424
1291,tlgl_2008,48,ko,0.9924242424242424
1292,tlgl_2008,9,oe,1.0
1293,tlgl_2008,9,ko,0.9924242424242424
1294,tlgl_2008,13,oe,0.9772727272727273
1295,tlgl_2008,13,ko,0.9924242424242424
1296,tlgl_2008,10,oe,1.0
1297,tlgl_2008,10,ko,1.0
1298,tlgl_2008,57,oe,0.9772727272727273
1299,tlgl_2008,57,ko,0.9924242424242424
1300,tlgl_2008,11,oe,0.9772727272727273
1301,tlgl_2008,11,ko,0.9924242424242424
1302,tlgl_2008,44,oe,0.9772727272727273
1303,tlgl_2008,44,ko,0.9924242424242424
1304,tlgl_2008,12,oe,0.9924242424242424
1305,tlgl_2008,12,ko,0.9924242424242424
1306,tlgl_2008,18,oe,0.9772727272727273
1307,tlgl_2008,18,ko,0.9924242424242424
1308,tlgl_2008,14,oe,0.9924242424242424
1309,tlgl_2008,14,ko,0.9696969696969697
1310,tlgl_2008,41,oe,0.9924242424242424
1311,tlgl_2008,41,ko,0.9696969696969697
1312,tlgl_2008,15,oe,0.9696969696969697
1313,tlgl_2008,15,ko,0.9924242424242424
1314,tlgl_2008,46,oe,0.9696969696969697
1315,tlgl_2008,46,ko,1.0
1316,tlgl_2008,20,oe,0.9924242424242424
1317,tlgl_2008,20,ko,0.9924242424242424
1318,tlgl_2008,59,oe,0.9696969696969697
1319,tlgl_2008,59,ko,0.9924242424242424
1320,tlgl_2008,16,oe,1.0
1321,tlgl_2008,16,ko,1.0
1322,tlgl_2008,19,oe,1.0
1323,tlgl_2008,19,ko,0.9924242424242424
1324,tlgl_2008,17,oe,1.0
1325,tlgl_2008,17,ko,0.9924242424242424
1326,tlgl_2008,21,oe,0.9772727272727273
1327,tlgl_2008,21,ko,0.9924242424242424
1328,tlgl_2008,32,oe,0.9924242424242424
1329,tlgl_2008,32,ko,0.9772727272727273
1330,tlgl_2008,58,oe,0.9696969696969697
1331,tlgl_2008,58,ko,1.0
1332,tlgl_2008,22,oe,0.9924242424242424
1333,tlgl_2008,22,ko,0.9696969696969697
1334,tlgl_2008,53,oe,1.0
1335,tlgl_2008,53,ko,0.9772727272727273
1336,tlgl_2008,42,oe,1.0
1337,tlgl_2008,42,ko,0.9924242424242424
1338,tlgl_2008,33,oe,0.9696969696969697
1339,tlgl_2008,33,ko,1.0
1340,tlgl_2008,23,oe,0.9696969696969697
1341,tlgl_2008,23,ko,1.0
1342,tlgl_2008,24,oe,1.0
1343,tlgl_2008,24,ko,0.9696969696969697
1344,tlgl_2008,26,oe,1.0
1345,tlgl_2008,26,ko,0.9696969696969697
1346,tlgl_2008,25,oe,0.9924242424242424
1347,tlgl_2008,25,ko,0.9696969696969697
1348,tlgl_2008,27,oe,1.0
1349,tlgl_2008,27,ko,0.9772727272727273
1350,tlgl_2008,60,oe,0.9924242424242424
1351,tlgl_2008,60,ko,0.9772727272727273
1352,tlgl_2008,28,oe,1.0
1353,tlgl_2008,28,ko,0.9696969696969697
1354,tlgl_2008,29,oe,1.0
1355,tlgl_2008,29,ko,0.9924242424242424
1356,tlgl_2008,56,oe,1.0
1357,tlgl_2008,56,ko,0.9848484848484849
1358,tlgl_2008,34,oe,1.0
1359,tlgl_2008,34,ko,1.0
1360,tlgl_2008,39,oe,0.9924242424242424
1361,tlgl_2008,39,ko,1.0
1362,tlgl_2008,35,oe,1.0
1363,tlgl_2008,35,ko,1.0
1364,tlgl_2008,38,oe,0.9848484848484849
1365,tlgl_2008,38,ko,0.9772727272727273
1366,tlgl_2008,36,oe,1.0
1367,tlgl_2008,36,ko,0.9848484848484849
1368,tlgl_2008,37,oe,0.9696969696969697
1369,tlgl_2008,37,ko,1.0
1370,tlgl_2008,52,oe,1.0
1371,tlgl_2008,52,ko,1.0
1372,tlgl_2008,49,oe,0.9848484848484849
1373,tlgl_2008,49,ko,0.9924242424242424
1374,tlgl_2008,51,oe,0.9924242424242424
1375,tlgl_2008,51,ko,0.9696969696969697
1376,tlgl_2008,45,oe,0.9924242424242424
1377,tlgl_2008,45,ko,1.0
1378,tlgl_2011,0,oe,1.0
1379,tlgl_2011,0,ko,1.0
1380,tlgl_2011,1,oe,0.972972972972973
1381,tlgl_2011,1,ko,0.8918918918918919
1382,tlgl_2011,2,oe,0.972972972972973
1383,tlgl_2011,2,ko,0.8918918918918919
1384,tlgl_2011,3,oe,0.8648648648648649
1385,tlgl_2011,3,ko,1.0
1386,tlgl_2011,4,oe,1.0
1387,tlgl_2011,4,ko,0.8648648648648649
1388,tlgl_2011,5,oe,1.0
1389,tlgl_2011,5,ko,0.9166666666666666
1390,tlgl_2011,21,oe,0.927536231884058
1391,tlgl_2011,21,ko,0.13043478260869565
1392,tlgl_2011,6,oe,0.927536231884058
1393,tlgl_2011,6,ko,1.0
1394,tlgl_2011,44,oe,1.0
1395,tlgl_2011,44,ko,0.927536231884058
1396,tlgl_2011,52,oe,1.0
1397,tlgl_2011,52,ko,1.0
1398,tlgl_2011,7,oe,1.0
1399,tlgl_2011,7,ko,1.0
1400,tlgl_2011,13,oe,0.9855072463768116
1401,tlgl_2011,13,ko,0.927536231884058
1402,tlgl_2011,8,oe,0.9710144927536232
1403,tlgl_2011,8,ko,0.927536231884058
1404,tlgl_2011,47,oe,0.9710144927536232
1405,tlgl_2011,47,ko,0.927536231884058
1406,tlgl_2011,9,oe,1.0
1407,tlgl_2011,9,ko,0.927536231884058
1408,tlgl_2011,27,oe,1.0
1409,tlgl_2011,27,ko,0.927536231884058
1410,tlgl_2011,10,oe,1.0
1411,tlgl_2011,10,ko,0.927536231884058
1412,tlgl_2011,54,oe,1.0
1413,tlgl_2011,54,ko,0.927536231884058
1414,tlgl_2011,11,oe,0.9855072463768116
1415,tlgl_2011,11,ko,0.927536231884058
1416,tlgl_2011,50,oe,1.0
1417,tlgl_2011,50,ko,0.927536231884058
1418,tlgl_2011,12,oe,0.927536231884058
1419,tlgl_2011,12,ko,1.0
1420,tlgl_2011,33,oe,0.927536231884058
1421,tlgl_2011,33,ko,1.0
1422,tlgl_2011,59,oe,0.9710144927536232
1423,tlgl_2011,59,ko,0.927536231884058
1424,tlgl_2011,14,oe,0.927536231884058
1425,tlgl_2011,14,ko,0.9710144927536232
1426,tlgl_2011,29,oe,0.927536231884058
1427,tlgl_2011,29,ko,1.0
1428,tlgl_2011,45,oe,0.9710144927536232
1429,tlgl_2011,45,ko,0.9565217391304348
1430,tlgl_2011,17,oe,0.9565217391304348
1431,tlgl_2011,17,ko,0.927536231884058
1432,tlgl_2011,35,oe,0.9710144927536232
1433,tlgl_2011,35,ko,0.927536231884058
1434,tlgl_2011,15,oe,1.0
1435,tlgl_2011,15,ko,0.927536231884058
1436,tlgl_2011,16,oe,0.9855072463768116
1437,tlgl_2011,16,ko,0.927536231884058
1438,tlgl_2011,57,oe,1.0
1439,tlgl_2011,57,ko,1.0
1440,tlgl_2011,39,oe,1.0
1441,tlgl_2011,39,ko,0.927536231884058
1442,tlgl_2011,25,oe,1.0
1443,tlgl_2011,25,ko,1.0
1444,tlgl_2011,18,oe,0.9710144927536232
1445,tlgl_2011,18,ko,0.927536231884058
1446,tlgl_2011,43,oe,0.9710144927536232
1447,tlgl_2011,43,ko,0.927536231884058
1448,tlgl_2011,24,oe,0.9855072463768116
1449,tlgl_2011,24,ko,1.0
1450,tlgl_2011,34,oe,0.927536231884058
1451,tlgl_2011,34,ko,1.0
1452,tlgl_2011,19,oe,1.0
1453,tlgl_2011,19,ko,0.927536231884058
1454,tlgl_2011,38,oe,1.0
1455,tlgl_2011,38,ko,0.927536231884058
1456,tlgl_2011,20,oe,1.0
1457,tlgl_2011,20,ko,1.0
1458,tlgl_2011,22,oe,0.9558823529411765
1459,tlgl_2011,22,ko,1.0
1460,tlgl_2011,36,oe,0.9710144927536232
1461,tlgl_2011,36,ko,0.9565217391304348
1462,tlgl_2011,23,oe,0.927536231884058
1463,tlgl_2011,23,ko,1.0
1464,tlgl_2011,31,oe,1.0
1465,tlgl_2011,31,ko,0.927536231884058
1466,tlgl_2011,53,oe,1.0
1467,tlgl_2011,53,ko,0.9420289855072463
1468,tlgl_2011,26,oe,1.0
1469,tlgl_2011,26,ko,1.0
1470,tlgl_2011,28,oe,1.0
1471,tlgl_2011,28,ko,0.927536231884058
1472,tlgl_2011,37,oe,0.9420289855072463
1473,tlgl_2011,37,ko,0.927536231884058
1474,tlgl_2011,42,oe,0.927536231884058
1475,tlgl_2011,42,ko,1.0
1476,tlgl_2011,30,oe,0.927536231884058
1477,tlgl_2011,30,ko,1.0
1478,tlgl_2011,55,oe,0.927536231884058
1479,tlgl_2011,55,ko,1.0
1480,tlgl_2011,41,oe,1.0
1481,tlgl_2011,41,ko,1.0
1482,tlgl_2011,32,oe,1.0
1483,tlgl_2011,32,ko,1.0
1484,tlgl_2011,56,oe,1.0
1485,tlgl_2011,56,ko,1.0
1486,tlgl_2011,58,oe,1.0
1487,tlgl_2011,58,ko,0.9420289855072463
1488,tlgl_2011,51,oe,1.0
1489,tlgl_2011,51,ko,0.9855072463768116
1490,tlgl_2011,48,oe,1.0
1491,tlgl_2011,48,ko,0.927536231884058
1492,tlgl_2011,40,oe,1.0
1493,tlgl_2011,40,ko,1.0
1494,tlgl_2011,46,oe,1.0
1495,tlgl_2011,46,ko,0.9565217391304348
1496,tlgl_2011,49,oe,1.0
1497,tlgl_2011,49,ko,1.0
1498,migration,0,oe,0.3076923076923077
1499,migration,0,ko,0.6923076923076923
1500,migration,1,oe,0.6666666666666666
1501,migration,1,ko,0.4166666666666667
1502,migration,2,oe,0.3076923076923077
1503,migration,2,ko,0.7692307692307693
1504,migration,9,oe,0.3076923076923077
1505,migration,9,ko,0.8461538461538461
1506,migration,30,oe,0.038461538461538464
1507,migration,30,ko,0.9230769230769231
1508,migration,14,oe,0.5384615384615384
1509,migration,14,ko,0.8461538461538461
1510,migration,10,oe,0.07692307692307693
1511,migration,10,ko,0.46153846153846156
1512,migration,3,oe,0.3076923076923077
1513,migration,3,ko,1.0
1514,migration,17,oe,0.11538461538461539
1515,migration,17,ko,0.9230769230769231
1516,migration,22,oe,0.07692307692307693
1517,migration,22,ko,0.8461538461538461
1518,migration,20,oe,0.15384615384615385
1519,migration,20,ko,0.34615384615384615
1520,migration,4,oe,0.23076923076923078
1521,migration,4,ko,0.46153846153846156
1522,migration,19,oe,0.15384615384615385
1523,migration,19,ko,0.5384615384615384
1524,migration,5,oe,0.19230769230769232
1525,migration,5,ko,0.8461538461538461
1526,migration,26,oe,0.23076923076923078
1527,migration,26,ko,0.7307692307692307
1528,migration,28,oe,0.38461538461538464
1529,migration,28,ko,0.5769230769230769
1530,migration,6,oe,0.9615384615384616
1531,migration,6,ko,0.9615384615384616
1532,migration,25,oe,0.23076923076923078
1533,migration,25,ko,1.0
1534,migration,27,oe,0.6538461538461539
1535,migration,27,ko,1.0
1536,migration,7,oe,0.6923076923076923
1537,migration,7,ko,0.6153846153846154
1538,migration,23,oe,0.4230769230769231
1539,migration,23,ko,0.8076923076923077
1540,migration,18,oe,0.6153846153846154
1541,migration,18,ko,0.6538461538461539
1542,migration,8,oe,0.0
1543,migration,8,ko,0.72
1544,migration,16,oe,0.6538461538461539
1545,migration,16,ko,0.8461538461538461
1546,migration,13,oe,0.34615384615384615
1547,migration,13,ko,0.7307692307692307
1548,migration,15,oe,0.38461538461538464
1549,migration,15,ko,0.7692307692307693
1550,migration,11,oe,1.0
1551,migration,11,ko,0.9230769230769231
1552,migration,12,oe,0.9230769230769231
1553,migration,12,ko,0.9230769230769231
1554,migration,21,oe,0.9615384615384616
1555,migration,21,ko,0.9615384615384616
1556,migration,24,oe,0.07692307692307693
1557,migration,24,ko,0.9230769230769231
1558,migration,29,oe,1.0
1559,migration,29,ko,0.9230769230769231
1560,migration,31,oe,1.0
1561,migration,31,ko,1.0
